dataset,kind,path,bytes,modified,sha256
DLPFC,precomputed_h5ad,adata_auto_corr_DLPFC_1.h5ad,164444953,2026-07-22T21:38:50+08:00,629580dbcc6a1b7902b4adb4eec705c1f2f6f21297359649aeebc78a90b92b90
DLPFC,precomputed_h5ad,adata_2_DLPFC.h5ad,162127401,2026-07-22T20:23:18+08:00,a5bd47e40fa7d61698d41a82483973b06710706a7d91fd82d7a85887a3044f2c
DLPFC,cached_script_panel,individual_panels/DLPFC/01_DLPFC_SPP1_ITGB1_receptor_raw_expression.svg,3552060,2026-07-23T20:37:20+08:00,f9d3f5bdef5671c3c2cfeed7d7d556a21b3435cb6ffd5cdeb9fc5e6adc6c56e6
DLPFC,cached_script_panel,individual_panels/DLPFC/02_DLPFC_SPP1_ITGB1_ligand_raw_expression.svg,3551649,2026-07-23T20:37:22+08:00,56b9ce3d09365bb3134dbc5e0687f930cc3794e0f3a632c488f74d8ebd619b2f
DLPFC,cached_script_panel,individual_panels/DLPFC/03_DLPFC_SPP1_ITGB1_per_gene_random_like_normal.svg,3551590,2026-07-23T20:37:26+08:00,9408bc9222fe721784fef48a0b8680a321fafc98fb04938429e7b80acf19fb30
DLPFC,cached_script_panel,individual_panels/DLPFC/04_DLPFC_SPP1_ITGB1_lr_integrated_lr_geary_0p5_1p5.svg,3551583,2026-07-23T20:37:30+08:00,b4357358b95ff189d723148176853431a6b6488f9057087d84b2f44504a47713
DLPFC,cached_script_panel,individual_panels/DLPFC/05_DLPFC_SPP1_ITGB1_ligand_local_geary_log.svg,3552622,2026-07-23T20:37:34+08:00,2ec707447ed3e457c8e32ff7a6b9d2711ba1c4eb911711263893db5109abf368
DLPFC,cached_script_panel,individual_panels/DLPFC/06_DLPFC_SPP1_ITGB1_receptor_local_geary_log.svg,3552994,2026-07-23T20:37:38+08:00,7d3c5e19401c46ad880e5ede0012ff9738d548237f79f14d72b3f12a3615765b
DLPFC,cached_script_panel,individual_panels/DLPFC/07_DLPFC_SPP1_ITGB1_per_gene_homogeneous_gradient.svg,3551590,2026-07-23T20:37:42+08:00,b34e1ff92b475548b09f3997d51894430626b42657c57d28eb4d8ef1100a83d0
DLPFC,cached_script_panel,individual_panels/DLPFC/08_DLPFC_SPP1_ITGB1_lr_integrated_lr_geary_0_0p5.svg,3551581,2026-07-23T20:37:44+08:00,33d7b354532fdab9e39269f833f7034a839c9bb6e92fbee8fd36bbeadedf39eb
DLPFC,cached_script_panel,individual_panels/DLPFC/09_DLPFC_SPP1_ITGB1_ligand_local_moran.svg,3552562,2026-07-23T20:37:48+08:00,d205a50b1a7bce7f9a9dc7776bf79f065f7ad04f76b2b7f2d310f6c59f538eb9
DLPFC,cached_script_panel,individual_panels/DLPFC/10_DLPFC_SPP1_ITGB1_receptor_local_moran.svg,3551738,2026-07-23T20:37:52+08:00,bb5ca0425b3c50e1064548c424dae7245a60cabc922726596e566c631ed72ea1
DLPFC,cached_script_panel,individual_panels/DLPFC/11_DLPFC_SPP1_ITGB1_per_gene_heterogeneous_edge.svg,3551578,2026-07-23T20:37:56+08:00,582f6809bede0a7e18e627fc9a36de753626046e6633b2c770df899c310972dc
DLPFC,cached_script_panel,individual_panels/DLPFC/12_DLPFC_SPP1_ITGB1_lr_integrated_lr_geary_1p5_inf.svg,3551584,2026-07-23T20:38:00+08:00,5205c177911df81d173af69a90c6a5f47c1c6ea30c51838cb68fc991f9bd8471
MF,precomputed_h5ad,adata_MF_1.h5ad,27777208,2026-07-23T19:48:26+08:00,4975925f872b0dc3e7679f72453ea77b14a7a70073d8abfec68af770895c4348
MF,precomputed_h5ad,adata_MF_2.h5ad,27417616,2026-07-23T19:48:14+08:00,54154960f3b7fa53a73fd05f0d357aaaf09f1a19816078aaf795522ae48cff36
MF,cached_script_panel,individual_panels/MF/13_MF_Pnoc_Oprl1_receptor_raw_expression.svg,3872924,2026-07-23T20:39:10+08:00,50979681d4c7d1644d89bbf6cc83c2c6c42fc6fc5670d24ebd5bd197e6d26966
MF,cached_script_panel,individual_panels/MF/14_MF_Pnoc_Oprl1_ligand_raw_expression.svg,3874113,2026-07-23T20:39:20+08:00,e5f48018ec3e3612a8dfafed29e41ae279a147b7ab07ee76131e2512550d5b78
MF,cached_script_panel,individual_panels/MF/15_MF_Pnoc_Oprl1_per_gene_random_like_normal.svg,3872736,2026-07-23T20:39:28+08:00,a43fce0e3b2f6eebebd9b6a79b9ebbb8b559dd8686439a406f29e7f25ae66539
MF,cached_script_panel,individual_panels/MF/16_MF_Pnoc_Oprl1_lr_integrated_lr_geary_0p5_1p5.svg,3872725,2026-07-23T20:39:38+08:00,1993f4ad09372ff6363d59924f1e24decb21cc17f26d0f7e2c988a395ed289a6
MF,cached_script_panel,individual_panels/MF/17_MF_Pnoc_Oprl1_ligand_local_geary_log.svg,3872949,2026-07-23T20:39:48+08:00,30eeb27647b3e2c40164a92b1f04179f7adb74b7f12ad16a87c72c9496aa992a
MF,cached_script_panel,individual_panels/MF/18_MF_Pnoc_Oprl1_receptor_local_geary_log.svg,3874187,2026-07-23T20:39:56+08:00,3cd6313564bfc9c10ac324d933314caa3353d75d3dd0ee86ac6248a3df8ae4fa
MF,cached_script_panel,individual_panels/MF/19_MF_Pnoc_Oprl1_per_gene_homogeneous_gradient.svg,3872736,2026-07-23T20:40:06+08:00,e9db78088a0b4add7a3302f2a04dfb0cee8a1b93a335be193317d1a82ca217e8
MF,cached_script_panel,individual_panels/MF/20_MF_Pnoc_Oprl1_lr_integrated_lr_geary_0_0p5.svg,3872721,2026-07-23T20:40:16+08:00,038730b174398e37b526b224015db6a55846b41201493d501481ce7725e181c9
MF,cached_script_panel,individual_panels/MF/21_MF_Pnoc_Oprl1_ligand_local_moran.svg,3872472,2026-07-23T20:40:24+08:00,8c35503d328c985229b08e1c5ea4ef2162713b093cbde107485540d7d612e9a2
MF,cached_script_panel,individual_panels/MF/22_MF_Pnoc_Oprl1_receptor_local_moran.svg,3872526,2026-07-23T20:40:34+08:00,844dcba9e77313f823fdc6f5cace42db32ab1f007df0f7dbd7ff2d5cf68c44d4
MF,cached_script_panel,individual_panels/MF/23_MF_Pnoc_Oprl1_per_gene_heterogeneous_edge.svg,3872724,2026-07-23T20:40:42+08:00,0013c7e42d6565fa569beb32d64610065a57b279c32616f40671672e1c4c2aea
MF,cached_script_panel,individual_panels/MF/24_MF_Pnoc_Oprl1_lr_integrated_lr_geary_1p5_inf.svg,3872726,2026-07-23T20:40:52+08:00,7ca7b56d220cfe6a7871b732434bdfae2d59535393e38f2b1aeaf46a10e5fa3a
