figure,status,result_kind,path,bytes,sha256
Figure1,partial_notebook_manual_assembly,published,figures/Figure1/results/published/Figure1.svg,8893308,c33cfa903cfebc997c459afd361d5274503a10a65e0a7a456f24d67ff4cd0731
Figure2,precomputed_autocorrelation_redraw,published,figures/Figure2/results/published/Figure2.svg,21670321,0d2ab8886f773910120ba699e375610b4edeadaec03dcd3ab1c7a417556b406f
Figure2,precomputed_autocorrelation_redraw,published,figures/Figure2/results/published/panels/spatial_autocorrelation__figures__Method_1_CDF_three_spatial_autocorr_types.svg,50789,53389c1b291618a3511956f681baf6de619ceff67a5fece0615642081b087c33
Figure2,precomputed_autocorrelation_redraw,published,figures/Figure2/results/published/panels/spatial_autocorrelation__figures__Method_2_CDF_three_spatial_autocorr_types.svg,51919,61da4c21c250b0daf69eed3a05e6f6e240071fd83898291ccaf323e9f5178a37
Figure2,precomputed_autocorrelation_redraw,generated,figures/Figure2/results/generated/figures/Method_1_CDF_three_spatial_autocorr_types.svg,50789,afe23159f85a3370ded5ceb6c3296052447be19e4bcb6e6eb112168058f9ff67
Figure2,precomputed_autocorrelation_redraw,generated,figures/Figure2/results/generated/figures/Method_2_CDF_three_spatial_autocorr_types.svg,51919,fe32542add5f10fca5b24a45baffa4ac767f895fa127cb8931ce4b66f9691a74
Figure2,precomputed_autocorrelation_redraw,generated,figures/Figure2/results/generated/run_config.json,549,0e5519fe9c6b5343166a0ae76843bad77429cea32ba65e001b0c7bac5fba58a5
Figure2,precomputed_autocorrelation_redraw,generated,figures/Figure2/results/generated/tables/three_spatial_autocorr_cdf_summary.csv,669,7f2d57b3c2c48cf5b089af6d050ac3c15a60662ae67fe17ce7859131ceb6444a
Figure3,computational_panels_manual_final_assembly,input,figures/Figure3/inputs/boundary_ligand_counts.csv,625326,1aa71a883b47bbd9d4286bb0e25f0e7d4eb3917c9e374fa8d54d714299cd38f1
Figure3,computational_panels_manual_final_assembly,input,figures/Figure3/inputs/boundary_ligand_counts.json,530,4b9801b165a39ac1f07899476e888c7bf71f58b50471f002241b0ad0d23d52f7
Figure3,computational_panels_manual_final_assembly,published,figures/Figure3/results/published/Figure3.svg,1307861,3be6fa7e30aaa030d81e2a0207da76a7d7fa01c9fffbdda82df8c77da6b78395
Figure3,computational_panels_manual_final_assembly,generated,figures/Figure3/results/generated/Baseline_1_comparison_DLPFC_equal.svg,153549,eb2e37795355981e402a6cdf3acc65c4085999cd365b59d12485e606d56788fd
Figure3,computational_panels_manual_final_assembly,generated,figures/Figure3/results/generated/Baseline_1_comparison_DLPFC_REVERS.svg,153835,e5741e2e1fc361bb2c44fc895f327ee989099553c2c05d5c1bede813f8bdfff0
Figure3,computational_panels_manual_final_assembly,generated,figures/Figure3/results/generated/Baseline_1_edge_dropout_plot.svg,39831,47c4808c232583ddda071c14c14b9b14b2f2321ff37d842d7777d0b5297f69ae
Figure3,computational_panels_manual_final_assembly,generated,figures/Figure3/results/generated/Baseline_1_edge_equalization_plot.svg,81117,76d86f240ecc3915829f4914ff46ff2d2df2dd4a5179d10db471ca46f4afacf7
Figure3,computational_panels_manual_final_assembly,generated,figures/Figure3/results/generated/Baseline_1_gradient_change_plot.svg,81271,847cec77b78ae003e2e0d5bd152b62e852059ee3eff85fa40c8932e583d46d48
Figure3,computational_panels_manual_final_assembly,generated,figures/Figure3/results/generated/Baseline_1_normality_qq_DLPFC_equal.svg,93430,4203d35d1fa612c09f85b2583d2c51b33b56e39f83c8ea14ffdd168889b99b3b
Figure3,computational_panels_manual_final_assembly,generated,figures/Figure3/results/generated/Baseline_1_normality_qq_DLPFC_REVERS.svg,93684,d4aaa674244470d29a6441ea2559c5a44e21b28a703cd240568699fdbb276eb8
Figure3,computational_panels_manual_final_assembly,generated,figures/Figure3/results/generated/Baseline_2_comparison_DLPFC_equal.svg,142095,9fc2a9e3aacb41c9d5d6b37322ff487a9d88f5606c0ac909eafb531417da1f0c
Figure3,computational_panels_manual_final_assembly,generated,figures/Figure3/results/generated/Baseline_2_comparison_DLPFC_REVERS.svg,142637,5bb88ae087cb8b6c6390260e56326bed00af502b3e296df74274469f92672803
Figure3,computational_panels_manual_final_assembly,generated,figures/Figure3/results/generated/Baseline_2_edge_dropout_plot.svg,40428,7f7494d6c05c7f18eabfb601b34c09d310f8f48a8af0d8e8f16c2ab6e600d9f9
Figure3,computational_panels_manual_final_assembly,generated,figures/Figure3/results/generated/Baseline_2_edge_equalization_plot.svg,73589,921a167765efd3d570161bbd672fab343015e6289d6fec81036aa27c9657d4e2
Figure3,computational_panels_manual_final_assembly,generated,figures/Figure3/results/generated/Baseline_2_gradient_change_plot.svg,73757,98b1a150d8ecfaf4807d57a777a522b24e8e8c76dcd07628b7d5fa09976ea9d7
Figure3,computational_panels_manual_final_assembly,generated,figures/Figure3/results/generated/Baseline_2_normality_qq_DLPFC_equal.svg,91520,5b20df1e2a3d5d4b3f994f881f51db126cee6e25dc7c4737f397415ca5ed755d
Figure3,computational_panels_manual_final_assembly,generated,figures/Figure3/results/generated/Baseline_2_normality_qq_DLPFC_REVERS.svg,91748,33134abd23a82e4556e2875455936b1b65d661240e05c089f5848dc9185b1a19
Figure3,computational_panels_manual_final_assembly,generated,figures/Figure3/results/generated/CellAgentChat_comparison_DLPFC_equal.svg,142139,cb13355e76baec423609825e0c1bac5beabcfd0b4e7b2f22c65522c2c2b4553c
Figure3,computational_panels_manual_final_assembly,generated,figures/Figure3/results/generated/CellAgentChat_comparison_DLPFC_REVERS.svg,145795,6771d00082b41b9b0f9b593064feb28ef5e8d39116d3b5d3a53676a24d66cf3e
Figure3,computational_panels_manual_final_assembly,generated,figures/Figure3/results/generated/CellAgentChat_edge_dropout_plot.svg,41403,72dbeb44ac0be00748e729d4af7c67fc368719e34c8f12f19582bc249b4a874c
Figure3,computational_panels_manual_final_assembly,generated,figures/Figure3/results/generated/CellAgentChat_edge_equalization_plot.svg,76172,113494ede038f51855d8c7ef74b6d794995f41d3ef3fc813ffac5d5031d1d6e8
Figure3,computational_panels_manual_final_assembly,generated,figures/Figure3/results/generated/CellAgentChat_gradient_change_plot.svg,77996,13f2bc18c5ec3b067f6e70af152f5dd52b0759363f95d7a74c5214051d6af06f
Figure3,computational_panels_manual_final_assembly,generated,figures/Figure3/results/generated/CellAgentChat_normality_qq_DLPFC_equal.svg,88571,e6d0d00b939d1c70aa86cc79ab96f49f17704a665e48bf1ab034ed49c27ec92b
Figure3,computational_panels_manual_final_assembly,generated,figures/Figure3/results/generated/CellAgentChat_normality_qq_DLPFC_REVERS.svg,91041,87fe50b397424ccaa1e23b1c643166358e65fa8385a721a9c98d8962d11b26ec
Figure3,computational_panels_manual_final_assembly,generated,figures/Figure3/results/generated/COMMOT_comparison_DLPFC_equal.svg,63801,f0eaccf8908127fe5f6561d37a1c920b16ba259a984fd2fd3df001b6197f93ee
Figure3,computational_panels_manual_final_assembly,generated,figures/Figure3/results/generated/COMMOT_comparison_DLPFC_REVERS.svg,63802,cfc4275051a061c68ec81e6dff662fa3c9dfff00c892c5085a790a5f3b50ddab
Figure3,computational_panels_manual_final_assembly,generated,figures/Figure3/results/generated/COMMOT_edge_dropout_plot.svg,39947,821d4358e26abfc7ba1172b4467ab6fcc4f9291bd6766ab179d1ae3fdda55d73
Figure3,computational_panels_manual_final_assembly,generated,figures/Figure3/results/generated/COMMOT_edge_equalization_plot.svg,35383,7e3cd1305dbf008527c96acfa29b1a5f95f0b8112438b183186613001b0b9b3d
Figure3,computational_panels_manual_final_assembly,generated,figures/Figure3/results/generated/COMMOT_gradient_change_plot.svg,35381,57c8dbf62a3118a6903ac1636f6804458130f72db7ef83cf38e416bb6c8403e1
Figure3,computational_panels_manual_final_assembly,generated,figures/Figure3/results/generated/COMMOT_normality_qq_DLPFC_equal.svg,43798,27c2527935fcda9cbe9489f076b01b3312e7988f82a01024f89181bdb517f411
Figure3,computational_panels_manual_final_assembly,generated,figures/Figure3/results/generated/COMMOT_normality_qq_DLPFC_REVERS.svg,43804,ad8eb401493b5d9d7fccfb9b75ecd15e1aa8f39a8bdcdba09413847ec11937ff
Figure3,computational_panels_manual_final_assembly,generated,figures/Figure3/results/generated/Giotto_comparison_DLPFC_equal.svg,132497,db93647b1e414a509fbe0e618d9c8c09bd108ec95aa081c776286bf923563842
Figure3,computational_panels_manual_final_assembly,generated,figures/Figure3/results/generated/Giotto_comparison_DLPFC_REVERS.svg,133131,3ae1823ca65efd2d03a2497cf965658354c73cdc50a0af4a27286399deae748c
Figure3,computational_panels_manual_final_assembly,generated,figures/Figure3/results/generated/Giotto_edge_dropout_plot.svg,40574,3d7b364ef247efaba4e07f13c620945df3e684190ce0129842aeb59577d5d0b1
Figure3,computational_panels_manual_final_assembly,generated,figures/Figure3/results/generated/Giotto_edge_equalization_plot.svg,70637,79212196086d6855f4a27588956493f39f2e1e09d63d00b701c680bf58caf3e8
Figure3,computational_panels_manual_final_assembly,generated,figures/Figure3/results/generated/Giotto_gradient_change_plot.svg,71636,b68a9fd287948dd7a9b7e0843f0213962845d6e4245d99d46bd528adccd7a754
Figure3,computational_panels_manual_final_assembly,generated,figures/Figure3/results/generated/Giotto_normality_qq_DLPFC_equal.svg,86970,a381bc94677da6b410cf4b918b8dfbe0eb6f72d1e288b586e4029279dd380f13
Figure3,computational_panels_manual_final_assembly,generated,figures/Figure3/results/generated/Giotto_normality_qq_DLPFC_REVERS.svg,88896,2cc8fb7483833931379dd8929b6ef090bdd71734880b45d97d72dbc70d4614eb
Figure3,computational_panels_manual_final_assembly,generated,figures/Figure3/results/generated/SpaTalk_comparison_DLPFC_equal.svg,56132,ca6adac6cf29657de11e054aaa7b657f9dfc4413920ebf570d2ee6ee2b0a9856
Figure3,computational_panels_manual_final_assembly,generated,figures/Figure3/results/generated/SpaTalk_comparison_DLPFC_REVERS.svg,61116,0b754ee492b52653c31ae2e8c4468e4fc9d6e4ae4bfa54455e59ddc247b59e50
Figure3,computational_panels_manual_final_assembly,generated,figures/Figure3/results/generated/SpaTalk_edge_dropout_plot.svg,41349,954b2dd9b66c85c44339ad27ba092f288006e8c4a4c2dc91635960fac9f9cd11
Figure3,computational_panels_manual_final_assembly,generated,figures/Figure3/results/generated/SpaTalk_edge_equalization_plot.svg,31911,bc937a8b1b52094608dcadf2017332dfbf93094976b2729bdc6d05b13337b0ba
Figure3,computational_panels_manual_final_assembly,generated,figures/Figure3/results/generated/SpaTalk_gradient_change_plot.svg,34547,65b136546703d19e5ee1584d4318e2268f7e3884cd501cda51c64730d8f9cc0f
Figure3,computational_panels_manual_final_assembly,generated,figures/Figure3/results/generated/SpaTalk_normality_qq_DLPFC_equal.svg,36318,5e4de5e3494158dc26683a3bf7d4df06dc998f5202696e608cd1c6abd31c2b8f
Figure3,computational_panels_manual_final_assembly,generated,figures/Figure3/results/generated/SpaTalk_normality_qq_DLPFC_REVERS.svg,40199,7eebc75f03412b485361435bf08aba08634d24ac6f228622b6f9872edb3c4b13
Figure3,computational_panels_manual_final_assembly,generated,figures/Figure3/results/generated/SpatialDM_comparison_DLPFC_equal.svg,49487,358bb80bbbe00dbe202ea49421c480950c46a95bb2c8275cb821014617676bef
Figure3,computational_panels_manual_final_assembly,generated,figures/Figure3/results/generated/SpatialDM_comparison_DLPFC_REVERS.svg,53017,703be9846ce28130c927318ee0803e2ea6afb76b79972c0b76d548b859f34901
Figure3,computational_panels_manual_final_assembly,generated,figures/Figure3/results/generated/SpatialDM_edge_dropout_plot.svg,41378,03c33a1c2b83c70a508797c3505e5fb8e72312ebf04e6ae33380e1fb0f35d26d
Figure3,computational_panels_manual_final_assembly,generated,figures/Figure3/results/generated/SpatialDM_edge_equalization_plot.svg,29360,7f0e9291cd727367dbdcdd7bd09d56ce56f3f165745ac83d7d5e402e6ed2c184
Figure3,computational_panels_manual_final_assembly,generated,figures/Figure3/results/generated/SpatialDM_gradient_change_plot.svg,31837,0fa707940742be9f4803e03ad85af461eb8c94aa74439b464639e484285e0d7b
Figure3,computational_panels_manual_final_assembly,generated,figures/Figure3/results/generated/SpatialDM_normality_qq_DLPFC_equal.svg,37547,f5abd401c7ffd79706b80c5e297f32ec081c762197facf141d04889343a1f2f5
Figure3,computational_panels_manual_final_assembly,generated,figures/Figure3/results/generated/SpatialDM_normality_qq_DLPFC_REVERS.svg,32587,500fc18ff298c28e1f85f9a1fdd3d1e4c79994be9c0f658a09438038b5669210
Figure3,computational_panels_manual_final_assembly,generated,figures/Figure3/results/generated/Squidpy_comparison_DLPFC_equal.svg,152876,a1dbf6f56f7dcc0186829569adec4a324b553b29f540815de92924a4546a6a48
Figure3,computational_panels_manual_final_assembly,generated,figures/Figure3/results/generated/Squidpy_comparison_DLPFC_REVERS.svg,152862,4798a4a353b23afaba22d143ddcfec68b10edbae4b166ef9cdb7f35d575a4cb5
Figure3,computational_panels_manual_final_assembly,generated,figures/Figure3/results/generated/Squidpy_edge_dropout_plot.svg,39236,2c8f0e3cd3f39cd6dfbea173d8d8bf6774cfaa949ecc8430b30c1a03ad218051
Figure3,computational_panels_manual_final_assembly,generated,figures/Figure3/results/generated/Squidpy_edge_equalization_plot.svg,80801,ac84595decee01216a9af19a189ab61eab417be46d978a6ffb0cd85dd7424d01
Figure3,computational_panels_manual_final_assembly,generated,figures/Figure3/results/generated/Squidpy_gradient_change_plot.svg,80754,ba43ea3980df7495c61fa30ba8c7eb986030c171a51e5e23c195722e9d6297d3
Figure3,computational_panels_manual_final_assembly,generated,figures/Figure3/results/generated/Squidpy_normality_qq_DLPFC_equal.svg,92934,a506f8fe2a4fb86b6faa7bc4b55c7ae2922523e890ff21d8d2e1ae2877ab4ed1
Figure3,computational_panels_manual_final_assembly,generated,figures/Figure3/results/generated/Squidpy_normality_qq_DLPFC_REVERS.svg,92919,2cc77b94d6965e883bbde49aeca68873c4bb4f37f16b77978ab778b30d44fd14
Figure3,computational_panels_manual_final_assembly,generated,figures/Figure3/results/generated/stLearn_comparison_DLPFC_equal.svg,207194,d0848976057317720ef37726f0f4f7aefa9b082d16a7278f3bbb9b2fef55f406
Figure3,computational_panels_manual_final_assembly,generated,figures/Figure3/results/generated/stLearn_comparison_DLPFC_REVERS.svg,207084,dc88c731eaffdaac5ef1c0d38477840b92fb5695409c354cea79a7abb545469a
Figure3,computational_panels_manual_final_assembly,generated,figures/Figure3/results/generated/stLearn_edge_dropout_plot.svg,39151,3723acccd1ed104f3f85ac25a15bcd5311030a0df3eee73d9474f142be086b3e
Figure3,computational_panels_manual_final_assembly,generated,figures/Figure3/results/generated/stLearn_edge_equalization_plot.svg,107899,8ceaf80ee002e5a89f2e5f1527579e72b62ddea985df52243b43f36592258cb1
Figure3,computational_panels_manual_final_assembly,generated,figures/Figure3/results/generated/stLearn_gradient_change_plot.svg,107896,9e3a68fa508eb37ff2c1c0b3692a7555b82a1212714efcc4f282447a7b366376
Figure3,computational_panels_manual_final_assembly,generated,figures/Figure3/results/generated/stLearn_normality_qq_DLPFC_equal.svg,128069,36b0d27d0bc1e89e6a8d25a86938ca2611ddf1c3b8a2e82fa65188ab30c7c81a
Figure3,computational_panels_manual_final_assembly,generated,figures/Figure3/results/generated/stLearn_normality_qq_DLPFC_REVERS.svg,127807,315b8077f450d20d6b9b2cfe968fa92dca02269691a1b662613d8d35415fbee6
Figure3,computational_panels_manual_final_assembly,generated,figures/Figure3/results/generated/stLearn_without_spotmixture_comparison_DLPFC_equal.svg,206427,bc98728f2b94056822b50173d69d5032142b4af626d982d56021e73fcf46e71f
Figure3,computational_panels_manual_final_assembly,generated,figures/Figure3/results/generated/stLearn_without_spotmixture_comparison_DLPFC_REVERS.svg,206270,a3a0033594d019521c6b400772266a02fb96be5258af3e80bbd3b45facf2ac0c
Figure3,computational_panels_manual_final_assembly,generated,figures/Figure3/results/generated/stLearn_without_spotmixture_edge_dropout_plot.svg,39173,ac33cde0c74a2994f634a679755fb95642c5d111546a95d8eec306855244a0f1
Figure3,computational_panels_manual_final_assembly,generated,figures/Figure3/results/generated/stLearn_without_spotmixture_edge_equalization_plot.svg,107599,a5205abf80ebaa06049a3e2b920ebb1d4f29ecba82c3b4b3cf35b93ab7c32591
Figure3,computational_panels_manual_final_assembly,generated,figures/Figure3/results/generated/stLearn_without_spotmixture_gradient_change_plot.svg,107433,ed442784bf009ef3e29d279890d8d2e66283842db92e098ccdcbb78a4fe61fa5
Figure3,computational_panels_manual_final_assembly,generated,figures/Figure3/results/generated/stLearn_without_spotmixture_normality_qq_DLPFC_equal.svg,127830,24fe1353fc08fb44427a988b1d99ae4b4353cd6823c1bfae823be5f3e9ae57b9
Figure3,computational_panels_manual_final_assembly,generated,figures/Figure3/results/generated/stLearn_without_spotmixture_normality_qq_DLPFC_REVERS.svg,127578,a48eaef696758e3080910ff8cc067b6ce35a947b0619c9881a12bbd57de8172c
Figure4,computational_figure4b_manual_figure4a_assembly,input,figures/Figure4/inputs/processed_noise.csv,4351,9bcc9c92ce9a76abbf4604273dd30e2fccb34e8dd292905c5e551edba3136612
Figure4,computational_figure4b_manual_figure4a_assembly,input,figures/Figure4/inputs/result_summary.csv,3596,10ecf0e8294f306698d7d7b7544a443c7d26f30bc46d7ac10ad074e2201941e2
Figure4,computational_figure4b_manual_figure4a_assembly,published,figures/Figure4/results/published/Figure4.svg,5892952,07e89081caa7e0d0adb7a74bdf24544bf0620d7437b1b67051017e0c91c9c9de
Figure4,computational_figure4b_manual_figure4a_assembly,published,figures/Figure4/results/published/panels/Baseline_1_spider_plot.svg,56614,d63fb31e6b15d89401f3635c9ebde42c69893e800797094abdd7012708e001d6
Figure4,computational_figure4b_manual_figure4a_assembly,published,figures/Figure4/results/published/panels/Baseline_2_spider_plot.svg,56610,05842f88f2c224592efb5d116d4f5158be53bcb8a9cb615420e137c127afcba5
Figure4,computational_figure4b_manual_figure4a_assembly,published,figures/Figure4/results/published/panels/CellAgentChat_spider_plot.svg,56789,80f31b8ccddbb2e90332f81150ebdf4201566e216c5146aa469e4d6f54cfab4d
Figure4,computational_figure4b_manual_figure4a_assembly,published,figures/Figure4/results/published/panels/COMMOT_spider_plot.svg,56781,cb50ff0eca889738f5201377abf04a2c6e711f66b16dd40b0faf2fa28f897c39
Figure4,computational_figure4b_manual_figure4a_assembly,published,figures/Figure4/results/published/panels/Giotto_spider_plot.svg,56800,6d39d2e45b19b1ac1941340ebfd962c6cf1259ddfeb2cceb3083a0f33898ada0
Figure4,computational_figure4b_manual_figure4a_assembly,published,figures/Figure4/results/published/panels/precision_recall_f1_legend.svg,3773,21d3a6b164f708e7ec4595bcd287be4f2d3dc4e3360664a5d1910b15e700cb5d
Figure4,computational_figure4b_manual_figure4a_assembly,published,figures/Figure4/results/published/panels/SpaTalk_spider_plot.svg,56790,e45cb5e69ac3400800218fdded3782beb4a0201a42525c0d6d97c879f26efcdd
Figure4,computational_figure4b_manual_figure4a_assembly,published,figures/Figure4/results/published/panels/SpatialDM_spider_plot.svg,56821,3d431b30ba601ec0078e29284821c0b6b48bc251ef3ff21239e5972a55728592
Figure4,computational_figure4b_manual_figure4a_assembly,published,figures/Figure4/results/published/panels/Squidpy_spider_plot.svg,56765,d89f921d185420bcd3086571ec2f05fab0246f1bc86289bdcb2b7647917df13a
Figure4,computational_figure4b_manual_figure4a_assembly,published,figures/Figure4/results/published/panels/stLearn_spider_plot.svg,56774,7a6a2ec5097c7bb92cced06d77647bd6a586e82e9fdfb336d7eeb5890a88dadf
Figure4,computational_figure4b_manual_figure4a_assembly,published,figures/Figure4/results/published/panels/stLearn_without_spotmixture_spider_plot.svg,56777,0863ed514c7703b2f94d944c96c884c34b462dfdf74eb175508ae70dc9aa4da4
Figure4,computational_figure4b_manual_figure4a_assembly,generated,figures/Figure4/results/generated/processed_noise.used.csv,4388,5511e41149a4a7a92a3fa11972caaa158de7e64e3c03dd122aad9c0217ce34f2
Figure4,computational_figure4b_manual_figure4a_assembly,generated,figures/Figure4/results/generated/svg/Baseline_1_spider_plot.svg,56614,aa245cd504d8927064f054bc8fe04dbece946922c6e5f9d310f0161f79a5e1a3
Figure4,computational_figure4b_manual_figure4a_assembly,generated,figures/Figure4/results/generated/svg/Baseline_2_spider_plot.svg,56610,bbf1693d41fca54736425658ab81f30c04b44017ce9e45a25a747d15627ce007
Figure4,computational_figure4b_manual_figure4a_assembly,generated,figures/Figure4/results/generated/svg/CellAgentChat_spider_plot.svg,56789,96952629fe2b21804c255e1922b12ed4e33df487cbbb18664879693b3f6f59e9
Figure4,computational_figure4b_manual_figure4a_assembly,generated,figures/Figure4/results/generated/svg/COMMOT_spider_plot.svg,56781,3ab84b748df1ca99dc0b0879cb6fcd7ba6e0d464db1cf7cb8d3453ea8d2d29bd
Figure4,computational_figure4b_manual_figure4a_assembly,generated,figures/Figure4/results/generated/svg/Giotto_spider_plot.svg,56800,3703ddb5f3b74507c4d53788aaa2eb334805e174fe789014a40740ad371ee381
Figure4,computational_figure4b_manual_figure4a_assembly,generated,figures/Figure4/results/generated/svg/precision_recall_f1_legend.svg,3773,93763ed7eda7d6040a49b8af75f020ad7a0ef6ae4b90d3ebfdc458838aee6beb
Figure4,computational_figure4b_manual_figure4a_assembly,generated,figures/Figure4/results/generated/svg/SpaTalk_spider_plot.svg,56790,f1c6eda58eed8f2cdc9fda81ead17a91d781d400174c491e37e17b8e0d611698
Figure4,computational_figure4b_manual_figure4a_assembly,generated,figures/Figure4/results/generated/svg/SpatialDM_spider_plot.svg,56821,5e60e8bf31c5916eceb1f9822538155d12c5791199dcfaa1ed3c7efe0f5ce7e9
Figure4,computational_figure4b_manual_figure4a_assembly,generated,figures/Figure4/results/generated/svg/Squidpy_spider_plot.svg,56765,aefee3ffdd7776a109b74b506260d43c8244b19b0e72cbcc86d1cf4e2a1ff3bb
Figure4,computational_figure4b_manual_figure4a_assembly,generated,figures/Figure4/results/generated/svg/stLearn_spider_plot.svg,56774,ec40b02907a698826a3dae84d93b0a3d990959ac3b3064cbb1c03b7b74a760d6
Figure4,computational_figure4b_manual_figure4a_assembly,generated,figures/Figure4/results/generated/svg/stLearn_without_spotmixture_spider_plot.svg,56777,ef53d0fba021d8e0d53c1330ef2a5731fb85505439e73a64b41edd0ca09eb38a
Figure5,computational_figure5a_manual_figure5b_assembly,input,figures/Figure5/inputs/boundary_metrics_from_latest_results.csv,2211,96dd9de22876b6557af64b755861a9b4e4f5a09f6cd725073360ce14b688bac5
Figure5,computational_figure5a_manual_figure5b_assembly,input,figures/Figure5/inputs/boundary_metrics_recomputed.csv,685,ecaa8fed881b055ff1999a96c84d05f14d0854b6433c6e9aa40603d6f848ab82
Figure5,computational_figure5a_manual_figure5b_assembly,input,figures/Figure5/inputs/boundary_metrics_stlearn.csv,185,ec20655440d1655322668929e570f17c4f424c8f13d2239a1f3c99a1e9f809eb
Figure5,computational_figure5a_manual_figure5b_assembly,input,figures/Figure5/inputs/result_summary.csv,3596,10ecf0e8294f306698d7d7b7544a443c7d26f30bc46d7ac10ad074e2201941e2
Figure5,computational_figure5a_manual_figure5b_assembly,published,figures/Figure5/results/published/Figure5.svg,1482775,1c7e0bd4e910588d764801e263c19943c10cb4525c8be616bf8eb5e38f0d3cff
Figure5,computational_figure5a_manual_figure5b_assembly,published,figures/Figure5/results/published/panels/bar_noise_sum.svg,99481,bb7a75320e19fa1ced886831c5de6cc5c3e2955f66cde855e9b106e37e24c580
Figure5,computational_figure5a_manual_figure5b_assembly,published,figures/Figure5/results/published/panels/bar_summary.svg,98856,eb86c68af8a890eea4c44e785524cc48114005b692010695621b26dd3221c7d0
Figure5,computational_figure5a_manual_figure5b_assembly,published,figures/Figure5/results/published/panels/dot_sum.svg,81915,709edfaabcab2798fec5aa253037243555b347873d96f4506d97a9afff095290
Figure5,computational_figure5a_manual_figure5b_assembly,generated,figures/Figure5/results/generated/bar_noise_sum.svg,99481,1bd3ac124bee88bcc442bdc1cbba734e98919be50d9f950990260357dad8eb68
Figure5,computational_figure5a_manual_figure5b_assembly,generated,figures/Figure5/results/generated/bar_summary.svg,98856,c7615d34a5864ef61fb4f09026f2dde94b4a75048c79905e9ab4094c7360061a
Figure5,computational_figure5a_manual_figure5b_assembly,generated,figures/Figure5/results/generated/dot_sum.svg,81915,32edcb6aebc771c0e632fc95a9cfa773715a99e0c66f77d4f80f2c6cb3780088
FigureS1,manual_workflow_diagram,published,figures/FigureS1/results/published/FigureS1.svg,78451,290456eed2bd668ec08d6aaf169fe6c4390d1ddae603d1c27dc05faca6785124
FigureS2,notebook_helpers_partial,published,figures/FigureS2/results/published/FigureS2.svg,9271386,5edc1af8bfcaed06cfcf811025475ed7eb56f951ac87ae76bf7ed3edfca6a44d
FigureS3,precomputed_h5ad_redraw,input,figures/FigureS3/inputs/h5ad_panel_source_manifest.csv,5303,1a28b28c4468887debf786e07f0c0a75ac96c66c8756d6c696a33611ae89a9e4
FigureS3,precomputed_h5ad_redraw,input,figures/FigureS3/inputs/h5ad_panel_source_manifest.json,358,3d3f71ed9b464ef15fd8f8c4653f2f9abf3227eea2ba9dac8b4d1d33e39b89c7
FigureS3,precomputed_h5ad_redraw,published,figures/FigureS3/results/published/FigureS3.svg,60789294,d678309ebf19f1e225d4e5830573f79b90a8092caabcd5d7a9596676faf6acb8
FigureS3,precomputed_h5ad_redraw,generated,figures/FigureS3/results/generated/composites/DLPFC_SPP1_ITGB1_12_panels_3x4.svg,43127108,2af375ac562692c008ea56bad0a90c165ff222c302186db43ab892881f5fbf63
FigureS3,precomputed_h5ad_redraw,generated,figures/FigureS3/results/generated/composites/MF_Pnoc_Oprl1_12_panels_3x4.svg,46990778,20d9055ab0e56ce90106f493c18b8603a0ec906169eeb85a594fe4aaaf67d6af
FigureS3,precomputed_h5ad_redraw,generated,figures/FigureS3/results/generated/run_config.json,442,9ef845e8d824b5907df44014e82d764dfc12c66d39b35a76356f8969699b5e42
FigureS3,precomputed_h5ad_redraw,generated,figures/FigureS3/results/generated/tables/interaction_counts.csv,1271,bb8c290a637a3ad5b3ad96b275e04e9a95fa3e664403d31e25b1f9ead4d4e94a
FigureS3,precomputed_h5ad_redraw,generated,figures/FigureS3/results/generated/tables/panel_paths.csv,2835,44bf4e3a8c3e42948f0b3601c08ddcf954456b9555cc34af778a5a32f8b58556
FigureS4,notebook_only,published,figures/FigureS4/results/published/FigureS4.svg,5466795,24f0b394372a87de71305103f477b1b8c29970c08629ee54e0007b53d0032f43
FigureS5,precomputed_results_only_no_autocorrelation_recalculation,published,figures/FigureS5/results/published/FigureS5.svg,26226826,e2e60ed211ff233c386ff770f1f47936e0989d1849f4d6d374a479a84c4b5c76
FigureS6,notebook_helpers_partial,published,figures/FigureS6/results/published/FigureS6.svg,445756,4cea6fae5f8e65ab13f158452f4553c23c84cd54cf89b6ba1c22cbfbb57a7a3a
FigureS7,notebook_only,published,figures/FigureS7/results/published/FigureS7.svg,6147828,57c73588ed4eafcdc5b207b44632dd6bf15288a8b0d2dc1c3723eb07c3602985
FigureS8,notebook_only,published,figures/FigureS8/results/published/FigureS8.svg,14061670,e0719e8e80555d202585437081cd14479c05f7d05507b25ef1fa5ec52a020d33
FigureS9,manual_schematic,published,figures/FigureS9/results/published/FigureS9.svg,262242,538e5f642c44c1ff13150292e7b8d80e6108601830965455ee3ce20d17639018
