LR,gradient_count,edge_count,normal_count,weak_count
TGFB1_TGFBR2,0.0,0.0,0.0,640.0
TGFB1_TGFBR1,864.0,644.0,2600.0,613.0
TGFB2_TGFBR2,932.0,368.0,1278.0,1491.0
TGFB2_TGFBR1,365.0,245.0,1935.0,0.0
TGFB3_TGFBR2,1449.0,600.0,2279.0,607.0
TGFB3_TGFBR1,937.0,490.0,2705.0,0.0
TGFB1_ACVR1B,1468.0,781.0,1990.0,658.0
TGFB1_ACVR1C,1755.0,571.0,1359.0,1004.0
TGFB2_ACVR1B,1061.0,382.0,1065.0,0.0
TGFB2_ACVR1C,1381.0,145.0,124.0,0.0
TGFB3_ACVR1B,1488.0,612.0,2130.0,0.0
TGFB3_ACVR1C,1810.0,398.0,1542.0,0.0
TGFB1_ACVR1,1489.0,800.0,1926.0,691.0
TGFB2_ACVR1,1077.0,408.0,941.0,0.0
TGFB3_ACVR1,1433.0,644.0,2039.0,0.0
BMP2_ACVR2A,2504.0,677.0,1029.0,0.0
BMP2_BMPR1A,2450.0,707.0,1018.0,0.0
BMP2_ACVR2B,2660.0,502.0,467.0,0.0
BMP2_BMPR2,1923.0,566.0,2116.0,0.0
BMP2_BMPR1B,1794.0,346.0,334.0,0.0
BMP4_ACVR2A,2566.0,608.0,919.0,0.0
BMP4_BMPR1A,2611.0,641.0,938.0,0.0
BMP4_ACVR2B,2714.0,425.0,335.0,0.0
BMP4_BMPR2,2051.0,502.0,2061.0,0.0
BMP4_BMPR1B,1898.0,274.0,207.0,0.0
GDF5_ACVR2A,1271.0,359.0,762.0,0.0
GDF5_BMPR1A,1261.0,396.0,779.0,0.0
GDF5_ACVR2B,1615.0,169.0,142.0,0.0
GDF5_BMPR2,262.0,249.0,1957.0,0.0
GDF5_BMPR1B,0.0,4.0,0.0,0.0
GDF6_ACVR2A,1311.0,380.0,765.0,0.0
GDF6_BMPR1A,1284.0,420.0,782.0,0.0
GDF6_ACVR2B,1644.0,191.0,145.0,0.0
GDF6_BMPR2,308.0,271.0,1958.0,0.0
GDF6_BMPR1B,49.0,28.0,3.0,0.0
GDF7_ACVR2A,2395.0,677.0,1059.0,0.0
GDF7_BMPR1A,2417.0,716.0,1072.0,0.0
GDF7_ACVR2B,2552.0,510.0,512.0,0.0
GDF7_BMPR2,1798.0,583.0,2148.0,0.0
GDF7_BMPR1B,1672.0,356.0,388.0,0.0
BMP5_ACVR1,1231.0,426.0,937.0,0.0
BMP5_ACVR2A,1446.0,398.0,770.0,0.0
BMP5_ACVR2B,1791.0,214.0,150.0,0.0
BMP5_BMPR2,509.0,292.0,1960.0,0.0
BMP5_BMPR1A,1445.0,433.0,786.0,0.0
BMP5_BMPR1B,275.0,50.0,9.0,0.0
BMP6_ACVR1,2380.0,619.0,1098.0,0.0
BMP6_ACVR2A,2598.0,595.0,944.0,0.0
BMP6_ACVR2B,2657.0,413.0,366.0,0.0
BMP6_BMPR2,2024.0,496.0,2063.0,0.0
BMP6_BMPR1A,2606.0,633.0,981.0,0.0
BMP6_BMPR1B,1894.0,264.0,243.0,0.0
BMP7_ACVR1,1655.0,456.0,967.0,0.0
BMP7_ACVR2A,1833.0,429.0,801.0,0.0
BMP7_ACVR2B,2045.0,243.0,189.0,0.0
BMP7_BMPR2,1011.0,320.0,1976.0,0.0
BMP7_BMPR1A,1825.0,461.0,812.0,0.0
BMP7_BMPR1B,809.0,80.0,51.0,0.0
BMP8A_ACVR1,2331.0,675.0,1293.0,0.0
BMP8A_ACVR2A,2513.0,673.0,1154.0,0.0
BMP8A_ACVR2B,2672.0,499.0,628.0,0.0
BMP8A_BMPR2,1861.0,559.0,2186.0,0.0
BMP8A_BMPR1A,2423.0,700.0,1174.0,0.0
BMP8A_BMPR1B,1759.0,344.0,509.0,0.0
BMP8B_ACVR1,2306.0,559.0,1033.0,0.0
BMP8B_ACVR2A,2426.0,533.0,862.0,0.0
BMP8B_ACVR2B,2622.0,352.0,276.0,0.0
BMP8B_BMPR2,1883.0,426.0,2024.0,0.0
BMP8B_BMPR1A,2457.0,571.0,882.0,0.0
BMP8B_BMPR1B,1713.0,192.0,143.0,0.0
BMP10_BMPR2,306.0,272.0,1957.0,0.0
BMP10_ACVRL1,411.0,280.0,1855.0,0.0
BMP10_ACVR2A,1304.0,383.0,762.0,0.0
GDF9_BMPR2,801.0,310.0,2003.0,0.0
GDF9_ACVR1B,1469.0,409.0,1133.0,0.0
GDF10_ACVR1B,1798.0,447.0,1094.0,0.0
GDF10_ACVR2A,1944.0,445.0,809.0,0.0
GDF11_ACVR2A,2155.0,692.0,1400.0,0.0
GDF11_TGFBR1,1517.0,555.0,2324.0,0.0
GDF11_ACVR2B,2369.0,512.0,884.0,0.0
GDF11_ACVR1B,1913.0,675.0,1592.0,0.0
GDF15_TGFBR2,1982.0,452.0,1334.0,927.0
MSTN_ACVR2B,1615.0,173.0,142.0,0.0
MSTN_TGFBR1,316.0,227.0,1928.0,0.0
MSTN_ACVR1B,1020.0,362.0,1052.0,0.0
MSTN_ACVR2A,1271.0,365.0,762.0,0.0
AMH_ACVR1,1105.0,414.0,949.0,0.0
AMH_AMHR2,94.0,35.0,24.0,0.0
AMH_BMPR1A,1330.0,423.0,796.0,0.0
GDNF_GFRA1,734.0,317.0,1391.0,0.0
GDNF_RET,1141.0,114.0,95.0,0.0
NRTN_GFRA2,2747.0,409.0,304.0,0.0
NRTN_RET,2150.0,261.0,240.0,0.0
ARTN_GFRA3,454.0,56.0,8.0,0.0
ARTN_RET,1457.0,158.0,102.0,0.0
PSPN_RET,2432.0,414.0,308.0,0.0
ARTN_GFRA1,1125.0,364.0,1395.0,0.0
NODAL_ACVR1B,1020.0,364.0,1052.0,0.0
NODAL_ACVR2A,1271.0,368.0,762.0,0.0
NODAL_ACVR1C,1347.0,127.0,109.0,0.0
NODAL_ACVR2B,1615.0,178.0,142.0,0.0
GDF3_ACVR1B,1020.0,370.0,1052.0,0.0
GDF3_ACVR2A,1271.0,372.0,762.0,0.0
GDF3_ACVR2B,1615.0,184.0,142.0,0.0
GDF3_ACVR1C,1347.0,134.0,109.0,0.0
INHBA_ACVR1B,2621.0,500.0,1135.0,0.0
INHBA_ACVR2A,2646.0,502.0,844.0,0.0
INHBA_ACVR2B,2796.0,317.0,248.0,0.0
INHBB_ACVR1B,2408.0,664.0,1254.0,0.0
INHBB_ACVR2A,2483.0,674.0,982.0,0.0
INHBB_ACVR2B,2636.0,506.0,447.0,0.0
INHBB_ACVR1C,2495.0,459.0,418.0,0.0
INHBC_ACVR1B,1020.0,356.0,1052.0,0.0
INHBC_ACVR2A,1271.0,360.0,762.0,0.0
INHBC_ACVR2B,1615.0,170.0,142.0,0.0
INHBC_ACVR1C,1347.0,120.0,109.0,0.0
INHBE_ACVR1B,1020.0,357.0,1052.0,0.0
INHBE_ACVR2A,1271.0,362.0,762.0,0.0
INHBE_ACVR2B,1615.0,172.0,142.0,0.0
INHBE_ACVR1C,1347.0,122.0,109.0,0.0
INHBA_ACVR1C,2618.0,269.0,211.0,0.0
INHA_ACVR2A,1297.0,378.0,762.0,0.0
INHA_ACVR2B,1629.0,188.0,142.0,0.0
WNT1_FZD1,1846.0,301.0,249.0,0.0
WNT1_LRP5,1675.0,388.0,490.0,0.0
WNT1_FZD10,1377.0,157.0,133.0,0.0
WNT1_FZD2,1892.0,277.0,344.0,0.0
WNT1_FZD3,1609.0,385.0,480.0,0.0
WNT1_FZD4,1141.0,399.0,950.0,0.0
WNT1_FZD5,1635.0,193.0,151.0,0.0
WNT1_FZD6,1711.0,380.0,376.0,0.0
WNT1_FZD7,1765.0,345.0,329.0,0.0
WNT1_FZD8,1663.0,419.0,466.0,0.0
WNT1_FZD9,71.0,50.0,28.0,0.0
WNT10A_FZD1,2574.0,624.0,679.0,0.0
WNT10A_LRP5,2480.0,683.0,874.0,0.0
WNT10A_FZD10,2280.0,492.0,580.0,0.0
WNT10A_FZD2,2539.0,600.0,753.0,0.0
WNT10A_FZD3,2343.0,700.0,879.0,0.0
WNT10A_FZD4,2067.0,706.0,1309.0,0.0
WNT10A_FZD5,2407.0,525.0,579.0,0.0
WNT10A_FZD6,2527.0,703.0,785.0,0.0
WNT10A_FZD7,2603.0,669.0,758.0,0.0
WNT10A_FZD8,2611.0,747.0,872.0,0.0
WNT10A_FZD9,1442.0,396.0,494.0,0.0
WNT10B_FZD1,2829.0,549.0,468.0,0.0
WNT10B_LRP5,2551.0,625.0,685.0,0.0
WNT10B_FZD10,2420.0,416.0,373.0,0.0
WNT10B_FZD2,2730.0,522.0,553.0,0.0
WNT10B_FZD3,2596.0,628.0,687.0,0.0
WNT10B_FZD4,2252.0,654.0,1137.0,0.0
WNT10B_FZD5,2615.0,457.0,383.0,0.0
WNT10B_FZD6,2569.0,625.0,605.0,0.0
WNT10B_FZD7,2748.0,595.0,550.0,0.0
WNT10B_FZD8,2741.0,663.0,670.0,0.0
WNT10B_FZD9,1658.0,319.0,277.0,0.0
WNT16_FZD1,2083.0,319.0,283.0,0.0
WNT16_LRP5,1969.0,416.0,505.0,0.0
WNT16_FZD10,1710.0,183.0,168.0,0.0
WNT16_FZD2,2125.0,298.0,368.0,0.0
WNT16_FZD3,1920.0,412.0,512.0,0.0
WNT16_FZD4,1471.0,425.0,983.0,0.0
WNT16_FZD5,1900.0,220.0,183.0,0.0
WNT16_FZD6,1981.0,404.0,407.0,0.0
WNT16_FZD7,2002.0,366.0,367.0,0.0
WNT16_FZD8,1980.0,442.0,494.0,0.0
WNT16_FZD9,543.0,74.0,63.0,0.0
WNT2_FZD1,1813.0,270.0,224.0,0.0
WNT2_LRP5,1632.0,365.0,465.0,0.0
WNT2_FZD10,1334.0,129.0,107.0,0.0
WNT2_FZD2,1850.0,247.0,322.0,0.0
WNT2_FZD3,1566.0,358.0,457.0,0.0
WNT2_FZD4,1091.0,371.0,932.0,0.0
WNT2_FZD5,1595.0,165.0,125.0,0.0
WNT2_FZD6,1676.0,355.0,354.0,0.0
WNT2_FZD7,1727.0,316.0,307.0,0.0
WNT2_FZD8,1626.0,390.0,439.0,0.0
WNT2_FZD9,1.0,20.0,0.0,0.0
WNT2B_FZD1,2623.0,386.0,324.0,0.0
WNT2B_LRP5,2542.0,487.0,551.0,0.0
WNT2B_FZD10,2343.0,257.0,211.0,0.0
WNT2B_FZD2,2684.0,372.0,417.0,0.0
WNT2B_FZD3,2567.0,474.0,542.0,0.0
WNT2B_FZD4,2246.0,493.0,1015.0,0.0
WNT2B_FZD5,2516.0,290.0,227.0,0.0
WNT2B_FZD6,2597.0,473.0,452.0,0.0
WNT2B_FZD7,2638.0,436.0,406.0,0.0
WNT2B_FZD8,2521.0,514.0,535.0,0.0
WNT2B_FZD9,1527.0,151.0,109.0,0.0
WNT3_FZD1,2711.0,457.0,414.0,0.0
WNT3_LRP5,2659.0,544.0,636.0,0.0
WNT3_FZD10,2572.0,322.0,306.0,0.0
WNT3_FZD2,2767.0,437.0,491.0,0.0
WNT3_FZD3,2762.0,546.0,635.0,0.0
WNT3_FZD4,2405.0,558.0,1068.0,0.0
WNT3_FZD5,2707.0,362.0,321.0,0.0
WNT3_FZD6,2707.0,539.0,536.0,0.0
WNT3_FZD7,2706.0,499.0,466.0,0.0
WNT3_FZD8,2739.0,575.0,618.0,0.0
WNT3_FZD9,1852.0,220.0,205.0,0.0
WNT4_FZD1,1866.0,296.0,224.0,0.0
WNT4_LRP5,1696.0,390.0,465.0,0.0
WNT4_FZD10,1402.0,158.0,107.0,0.0
WNT4_FZD2,1909.0,273.0,322.0,0.0
WNT4_FZD3,1626.0,384.0,457.0,0.0
WNT4_FZD4,1164.0,398.0,932.0,0.0
WNT4_FZD5,1665.0,192.0,125.0,0.0
WNT4_FZD6,1742.0,380.0,354.0,0.0
WNT4_FZD7,1782.0,346.0,307.0,0.0
WNT4_FZD8,1697.0,413.0,439.0,0.0
WNT4_FZD9,106.0,49.0,0.0,0.0
WNT6_FZD1,2715.0,401.0,312.0,0.0
WNT6_LRP5,2579.0,487.0,541.0,0.0
WNT6_FZD10,2401.0,263.0,204.0,0.0
WNT6_FZD2,2651.0,375.0,406.0,0.0
WNT6_FZD3,2526.0,481.0,530.0,0.0
WNT6_FZD4,2276.0,497.0,1003.0,0.0
WNT6_FZD5,2508.0,299.0,218.0,0.0
WNT6_FZD6,2654.0,479.0,443.0,0.0
WNT6_FZD7,2712.0,441.0,395.0,0.0
WNT6_FZD8,2577.0,513.0,524.0,0.0
WNT6_FZD9,1624.0,157.0,98.0,0.0
WNT7A_FZD1,2124.0,326.0,317.0,0.0
WNT7A_LRP5,1961.0,417.0,558.0,0.0
WNT7A_FZD10,1722.0,181.0,207.0,0.0
WNT7A_FZD2,2136.0,300.0,416.0,0.0
WNT7A_FZD3,1889.0,411.0,538.0,0.0
WNT7A_FZD4,1515.0,425.0,1008.0,0.0
WNT7A_FZD5,1955.0,216.0,218.0,0.0
WNT7A_FZD6,2006.0,410.0,434.0,0.0
WNT7A_FZD7,2056.0,369.0,395.0,0.0
WNT7A_FZD8,2002.0,446.0,532.0,0.0
WNT7A_FZD9,594.0,77.0,101.0,0.0
WNT9A_FZD1,1860.0,294.0,232.0,0.0
WNT9A_LRP5,1695.0,391.0,472.0,0.0
WNT9A_FZD10,1396.0,156.0,115.0,0.0
WNT9A_FZD2,1904.0,274.0,330.0,0.0
WNT9A_FZD3,1636.0,385.0,464.0,0.0
WNT9A_FZD4,1159.0,398.0,938.0,0.0
WNT9A_FZD5,1655.0,192.0,133.0,0.0
WNT9A_FZD6,1736.0,381.0,361.0,0.0
WNT9A_FZD7,1789.0,344.0,313.0,0.0
WNT9A_FZD8,1682.0,417.0,447.0,0.0
WNT9A_FZD9,105.0,48.0,8.0,0.0
WNT9B_FZD1,1813.0,270.0,224.0,0.0
WNT9B_LRP5,1632.0,364.0,465.0,0.0
WNT9B_FZD10,1334.0,128.0,107.0,0.0
WNT9B_FZD2,1850.0,247.0,322.0,0.0
WNT9B_FZD3,1566.0,357.0,457.0,0.0
WNT9B_FZD4,1091.0,372.0,932.0,0.0
WNT9B_FZD5,1595.0,164.0,125.0,0.0
WNT9B_FZD6,1676.0,354.0,354.0,0.0
WNT9B_FZD7,1727.0,316.0,307.0,0.0
WNT9B_FZD8,1626.0,391.0,439.0,0.0
WNT9B_FZD9,1.0,19.0,0.0,0.0
WNT1_LRP6,1622.0,392.0,418.0,0.0
WNT10A_LRP6,2481.0,700.0,791.0,0.0
WNT10B_LRP6,2689.0,641.0,622.0,0.0
WNT16_LRP6,1908.0,415.0,440.0,0.0
WNT2_LRP6,1579.0,365.0,393.0,0.0
WNT2B_LRP6,2502.0,482.0,485.0,0.0
WNT3_LRP6,2679.0,553.0,566.0,0.0
WNT4_LRP6,1644.0,394.0,393.0,0.0
WNT6_LRP6,2578.0,496.0,472.0,0.0
WNT7A_LRP6,1937.0,416.0,484.0,0.0
WNT9A_LRP6,1643.0,392.0,400.0,0.0
WNT9B_LRP6,1579.0,365.0,393.0,0.0
WNT5A_FZD1,2629.0,647.0,620.0,0.0
WNT5A_FZD10,2364.0,522.0,523.0,0.0
WNT5A_FZD2,2685.0,631.0,699.0,0.0
WNT5A_FZD3,2505.0,732.0,830.0,0.0
WNT5A_FZD4,2119.0,747.0,1239.0,0.0
WNT5A_FZD5,2445.0,556.0,535.0,0.0
WNT5A_FZD6,2538.0,726.0,731.0,0.0
WNT5A_FZD7,2566.0,688.0,680.0,0.0
WNT5A_FZD8,2486.0,749.0,812.0,0.0
WNT5A_FZD9,1481.0,426.0,425.0,0.0
WNT5A_MCAM,1712.0,623.0,2054.0,0.0
WNT5B_FZD1,2449.0,634.0,1004.0,0.0
WNT5B_FZD10,2131.0,509.0,910.0,0.0
WNT5B_FZD2,2499.0,612.0,1057.0,0.0
WNT5B_FZD3,2229.0,711.0,1184.0,0.0
WNT5B_FZD4,1832.0,715.0,1569.0,0.0
WNT5B_FZD5,2273.0,532.0,915.0,0.0
WNT5B_FZD6,2326.0,701.0,1110.0,0.0
WNT5B_FZD7,2296.0,672.0,1070.0,0.0
WNT5B_FZD8,2267.0,752.0,1162.0,0.0
WNT5B_FZD9,1143.0,404.0,827.0,0.0
WNT11_FZD1,1839.0,289.0,224.0,0.0
WNT11_FZD10,1371.0,148.0,107.0,0.0
WNT11_FZD2,1880.0,264.0,322.0,0.0
WNT11_FZD3,1603.0,373.0,457.0,0.0
WNT11_FZD4,1123.0,391.0,932.0,0.0
WNT11_FZD5,1626.0,183.0,125.0,0.0
WNT11_FZD6,1703.0,372.0,354.0,0.0
WNT11_FZD7,1752.0,336.0,307.0,0.0
WNT11_FZD8,1661.0,410.0,439.0,0.0
WNT11_FZD9,52.0,39.0,0.0,0.0
EGF_EGFR,1410.0,408.0,508.0,0.0
EGF_ERBB2,1408.0,384.0,548.0,0.0
TGFA_EGFR,2421.0,711.0,808.0,0.0
TGFA_ERBB2,2489.0,687.0,830.0,0.0
AREG_EGFR,2044.0,663.0,1643.0,0.0
AREG_ERBB2,1986.0,631.0,1656.0,0.0
BTC_EGFR,1410.0,411.0,508.0,0.0
BTC_ERBB2,1408.0,385.0,548.0,0.0
BTC_ERBB4,0.0,15.0,0.0,0.0
HBEGF_EGFR,1808.0,638.0,1972.0,0.0
HBEGF_ERBB2,1789.0,621.0,1954.0,0.0
HBEGF_ERBB4,601.0,274.0,1663.0,0.0
EREG_EGFR,1981.0,479.0,589.0,0.0
EREG_ERBB2,1944.0,448.0,611.0,0.0
EREG_ERBB4,800.0,91.0,92.0,0.0
NRG1_ERBB3,1856.0,287.0,239.0,0.0
NRG1_ERBB2,2518.0,607.0,745.0,0.0
NRG1_ERBB4,1831.0,266.0,231.0,0.0
NRG2_ERBB3,1840.0,317.0,260.0,0.0
NRG2_ERBB2,2557.0,631.0,735.0,0.0
NRG2_ERBB4,1811.0,298.0,252.0,0.0
NRG3_ERBB4,0.0,13.0,0.0,0.0
NRG3_ERBB2,1408.0,386.0,548.0,0.0
NRG4_ERBB4,30.0,28.0,0.0,0.0
NRG4_ERBB2,1433.0,398.0,548.0,0.0
NRG1_ITGAV,2094.0,435.0,1937.0,0.0
NRG1_ITGB3,1831.0,269.0,231.0,0.0
FGF1_FGFR1,583.0,262.0,1955.0,0.0
FGF1_FGFR2,1978.0,198.0,133.0,0.0
FGF1_FGFR3,1983.0,244.0,202.0,0.0
FGF1_FGFR4,1785.0,211.0,110.0,0.0
FGF2_FGFR1,1872.0,519.0,2095.0,0.0
FGF2_FGFR2,2744.0,448.0,402.0,0.0
FGF2_FGFR3,2713.0,487.0,470.0,0.0
FGF2_FGFR4,2600.0,461.0,374.0,0.0
FGF7_FGFR1,1433.0,531.0,2437.0,0.0
FGF7_FGFR2,2652.0,474.0,1020.0,0.0
FGF10_FGFR1,406.0,254.0,1959.0,0.0
FGF10_FGFR2,1873.0,187.0,145.0,0.0
FGF22_FGFR2,1868.0,180.0,128.0,0.0
FGF8_FGFR1,291.0,225.0,1951.0,0.0
FGF8_FGFR2,1828.0,155.0,124.0,0.0
FGF8_FGFR3,1797.0,203.0,191.0,0.0
FGF8_FGFR4,1602.0,168.0,102.0,0.0
FGF17_FGFR1,298.0,242.0,1951.0,0.0
FGF17_FGFR2,1835.0,172.0,124.0,0.0
FGF17_FGFR3,1801.0,220.0,191.0,0.0
FGF17_FGFR4,1607.0,184.0,102.0,0.0
FGF18_FGFR1,848.0,285.0,1988.0,0.0
FGF18_FGFR2,2141.0,213.0,189.0,0.0
FGF18_FGFR3,2118.0,262.0,250.0,0.0
FGF18_FGFR4,1951.0,229.0,170.0,0.0
FGF9_FGFR1,646.0,271.0,1962.0,0.0
FGF9_FGFR2,2002.0,196.0,139.0,0.0
FGF9_FGFR3,1968.0,248.0,205.0,0.0
FGF9_FGFR4,1806.0,210.0,117.0,0.0
FGF20_FGFR1,319.0,245.0,1951.0,0.0
FGF20_FGFR2,1842.0,176.0,124.0,0.0
FGF20_FGFR3,1810.0,222.0,191.0,0.0
FGF20_FGFR4,1615.0,189.0,102.0,0.0
FGF23_FGFR1,2066.0,399.0,2022.0,0.0
FGF23_FGFR3,2739.0,382.0,323.0,0.0
FGF23_FGFR4,2747.0,354.0,236.0,0.0
PDGFA_PDGFRA,2590.0,684.0,691.0,0.0
PDGFA_PDGFRB,2030.0,478.0,1941.0,0.0
PDGFB_PDGFRA,2629.0,685.0,683.0,0.0
PDGFB_PDGFRB,1966.0,472.0,1920.0,0.0
PDGFC_PDGFRA,2644.0,693.0,744.0,0.0
PDGFD_PDGFRB,2077.0,514.0,1941.0,0.0
VEGFA_FLT1,1259.0,450.0,2499.0,0.0
VEGFA_KDR,1413.0,472.0,2422.0,0.0
VEGFB_FLT1,1431.0,753.0,1991.0,687.0
VEGFC_FLT4,1717.0,653.0,1779.0,0.0
VEGFC_KDR,1867.0,688.0,1593.0,0.0
VEGFD_FLT4,936.0,323.0,1298.0,0.0
VEGFD_KDR,1064.0,343.0,1067.0,0.0
PGF_FLT1,1341.0,541.0,2276.0,0.0
IGF1_IGF1R,1912.0,531.0,2146.0,0.0
IGF1_ITGAV,1666.0,471.0,2308.0,0.0
IGF1_ITGB3,1405.0,314.0,893.0,0.0
IGF1_ITGA6,1724.0,506.0,2299.0,0.0
IGF1_ITGB4,2234.0,608.0,1536.0,0.0
APLN_APLNR,737.0,188.0,1710.0,0.0
DHH_PTCH1,1125.0,381.0,1092.0,0.0
DHH_SMO,1773.0,336.0,324.0,0.0
IHH_PTCH1,967.0,347.0,1087.0,0.0
IHH_SMO,1633.0,304.0,315.0,0.0
SHH_PTCH1,967.0,345.0,1087.0,0.0
SHH_SMO,1633.0,302.0,315.0,0.0
DHH_PTCH2,1540.0,397.0,659.0,0.0
IHH_PTCH2,1380.0,368.0,650.0,0.0
SHH_PTCH2,1380.0,365.0,650.0,0.0
CCL5_CCR1,2169.0,681.0,1550.0,601.0
CCL3_CCR1,2117.0,607.0,1666.0,0.0
CCL3L1_CCR1,1894.0,559.0,2046.0,0.0
CCL8_CCR1,2296.0,612.0,1248.0,0.0
CCL7_CCR1,1686.0,356.0,401.0,0.0
CCL13_CCR1,2675.0,469.0,503.0,0.0
CCL14_CCR1,2243.0,481.0,1766.0,0.0
CCL15_CCR1,1686.0,348.0,401.0,0.0
CCL16_CCR1,1764.0,374.0,410.0,0.0
CCL23_CCR1,2596.0,450.0,448.0,0.0
CCL8_CCR2,1798.0,586.0,1688.0,0.0
CCL7_CCR2,1233.0,331.0,1039.0,0.0
CCL2_CCR2,2625.0,514.0,1738.0,360.0
CCL27_CCR2,1250.0,336.0,1039.0,0.0
CCL5_CCR3,900.0,388.0,1295.0,1485.0
CCL7_CCR3,49.0,40.0,5.0,0.0
CCL11_CCR3,263.0,67.0,11.0,0.0
CCL24_CCR3,49.0,26.0,5.0,0.0
CCL26_CCR3,53.0,38.0,5.0,0.0
CCL28_CCR3,1506.0,412.0,541.0,0.0
CCL27_CCR3,76.0,45.0,5.0,0.0
CCL17_CCR4,2394.0,360.0,458.0,0.0
CCL22_CCR4,1302.0,295.0,1569.0,0.0
CCL5_CCR4,1342.0,425.0,1326.0,1249.0
CCL4_CCR5,1536.0,576.0,2307.0,0.0
CCL5_CCR5,1870.0,739.0,1761.0,603.0
CCL3_CCR5,1832.0,670.0,1875.0,0.0
CCL20_CCR6,1683.0,392.0,2431.0,0.0
CCL19_CCR7,0.0,0.0,0.0,429.0
CCL21_CCR7,0.0,0.0,0.0,327.0
CCL19_ACKR4,2463.0,311.0,1214.0,666.0
CCL21_ACKR4,3009.0,219.0,836.0,449.0
CCL1_CCR8,0.0,15.0,0.0,0.0
CCL25_CCR9,1712.0,178.0,129.0,0.0
CCL25_ACKR4,1808.0,197.0,136.0,0.0
CCL28_CCR10,2461.0,691.0,810.0,0.0
CCL27_CCR10,1635.0,344.0,359.0,0.0
CCL1_ACKR4,1516.0,151.0,100.0,0.0
CCL13_ACKR4,2553.0,283.0,222.0,0.0
CCL8_ACKR4,2396.0,441.0,1038.0,0.0
CCL1_ACKR1,770.0,257.0,1535.0,1482.0
CCL2_ACKR1,0.0,0.0,0.0,430.0
CCL5_ACKR1,0.0,0.0,0.0,566.0
CCL8_ACKR1,1768.0,529.0,2116.0,562.0
CCL13_ACKR1,2151.0,379.0,1597.0,768.0
CCL14_ACKR1,1518.0,362.0,2420.0,533.0
CCL16_ACKR1,869.0,276.0,1541.0,1417.0
CCL18_ACKR1,1283.0,438.0,2561.0,576.0
CXCL1_ACKR1,1198.0,478.0,2623.0,556.0
CXCL2_ACKR1,1357.0,499.0,2511.0,541.0
CXCL3_ACKR1,2315.0,561.0,1654.0,583.0
CXCL5_ACKR1,2248.0,506.0,1937.0,466.0
CXCL6_ACKR1,1503.0,322.0,1586.0,1102.0
CXCL8_ACKR1,1955.0,360.0,1589.0,870.0
CXCL9_ACKR1,1402.0,404.0,2577.0,497.0
CXCL10_ACKR1,2105.0,460.0,2037.0,468.0
CXCL11_ACKR1,2511.0,395.0,1564.0,622.0
CXCL13_ACKR1,0.0,0.0,0.0,321.0
CCL2_ACKR2,2261.0,275.0,934.0,818.0
CCL3_ACKR2,1516.0,355.0,1436.0,0.0
CCL3L1_ACKR2,1171.0,303.0,1845.0,0.0
CCL4_ACKR2,1110.0,257.0,1932.0,0.0
CCL5_ACKR2,1496.0,428.0,1303.0,1173.0
CCL7_ACKR2,838.0,85.0,19.0,0.0
CCL8_ACKR2,1885.0,373.0,971.0,0.0
CCL7_ACKR1,770.0,261.0,1535.0,1481.0
CCL11_ACKR1,944.0,285.0,1540.0,1383.0
CCL11_ACKR2,997.0,111.0,25.0,0.0
CCL13_ACKR2,2189.0,213.0,144.0,0.0
CCL22_ACKR2,1438.0,305.0,1542.0,0.0
CCL24_ACKR2,838.0,71.0,19.0,0.0
CCL26_ACKR2,838.0,81.0,19.0,0.0
CCL17_ACKR1,2508.0,537.0,1784.0,465.0
CCL14_ACKR2,1641.0,224.0,1559.0,0.0
CCL17_ACKR2,2526.0,371.0,424.0,0.0
CXCL1_CXCR1,570.0,273.0,1767.0,0.0
CXCL2_CXCR1,783.0,306.0,1529.0,0.0
CXCL3_CXCR1,1919.0,344.0,215.0,0.0
CXCL5_CXCR1,1824.0,306.0,640.0,0.0
CXCL6_CXCR1,918.0,98.0,87.0,0.0
CXCL1_CXCR2,580.0,274.0,1767.0,0.0
CXCL2_CXCR2,793.0,309.0,1529.0,0.0
CXCL3_CXCR2,1925.0,349.0,215.0,0.0
CXCL5_CXCR2,1826.0,308.0,640.0,0.0
CXCL6_CXCR2,929.0,100.0,87.0,0.0
CXCL8_CXCR2,1469.0,140.0,92.0,0.0
PF4V1_CXCR3,630.0,320.0,1515.0,0.0
CXCL9_CXCR3,1274.0,455.0,2564.0,0.0
CXCL10_CXCR3,2050.0,526.0,2023.0,0.0
CXCL11_CXCR3,2502.0,454.0,1559.0,0.0
CXCL13_CXCR3,2252.0,427.0,2185.0,354.0
PF4_CXCR3,1766.0,423.0,1575.0,0.0
CXCL12_CXCR4,0.0,0.0,0.0,396.0
CXCL11_ACKR3,2544.0,394.0,1601.0,0.0
CXCL12_ACKR3,2036.0,438.0,2181.0,414.0
CXCL13_CXCR5,2241.0,279.0,2297.0,357.0
CXCL16_CXCR6,1449.0,622.0,2210.0,0.0
MIF_CD74,0.0,0.0,0.0,356.0
MIF_CXCR4,0.0,0.0,0.0,566.0
MIF_CD44,0.0,0.0,0.0,569.0
MIF_CXCR2,1247.0,221.0,999.0,1583.0
MIF_ACKR3,1694.0,437.0,2152.0,595.0
CX3CL1_CX3CR1,2179.0,491.0,951.0,0.0
XCL1_XCR1,2355.0,538.0,657.0,0.0
XCL2_XCR1,2601.0,575.0,674.0,0.0
IL2_IL2RA,1096.0,275.0,1876.0,0.0
IL2_IL2RB,1159.0,224.0,1850.0,0.0
IL2_IL2RG,1493.0,331.0,1204.0,1324.0
IL4_IL2RG,1088.0,297.0,1181.0,1555.0
IL4_IL4R,1276.0,295.0,1206.0,1359.0
IL7_IL2RG,2122.0,591.0,1496.0,691.0
IL7_IL7R,2430.0,545.0,1502.0,512.0
IL15_IL15RA,767.0,507.0,2795.0,0.0
IL15_IL2RB,900.0,409.0,2800.0,0.0
IL15_IL2RG,1302.0,506.0,2428.0,623.0
IL21_IL2RG,2252.0,414.0,1254.0,840.0
IL21_IL21R,2166.0,456.0,1471.0,774.0
TSLP_CRLF2,1385.0,126.0,85.0,0.0
TSLP_IL7R,2218.0,299.0,1191.0,802.0
IL5_CSF2RB,865.0,402.0,1255.0,1515.0
IL5_IL5RA,1497.0,129.0,77.0,0.0
CSF2_CSF2RB,895.0,419.0,1255.0,1494.0
CSF2_CSF2RA,582.0,289.0,1653.0,0.0
IL4_IL13RA1,567.0,241.0,1860.0,0.0
IL4_IL13RA2,212.0,43.0,6.0,0.0
IL13_IL13RA1,1575.0,308.0,1895.0,0.0
IL13_IL4R,2006.0,359.0,1253.0,923.0
IL13_IL13RA2,1296.0,111.0,78.0,0.0
IL6_IL6ST,1560.0,532.0,2142.0,614.0
IL6_IL6R,1256.0,429.0,2540.0,0.0
IL11_IL11RA,501.0,209.0,1871.0,0.0
IL11_IL6ST,881.0,290.0,1267.0,1609.0
IL12B_IL12RB1,1891.0,366.0,1942.0,0.0
IL12B_IL12RB2,2496.0,295.0,337.0,0.0
IL12A_IL12RB1,1920.0,430.0,1978.0,0.0
IL12A_IL12RB2,2510.0,352.0,395.0,0.0
IL12B_IL23R,1637.0,165.0,160.0,0.0
IL23A_IL12RB1,1979.0,510.0,1954.0,0.0
IL23A_IL23R,1761.0,320.0,231.0,0.0
IL27_IL27RA,480.0,197.0,1895.0,0.0
IL27_IL6ST,927.0,299.0,1272.0,1585.0
EBI3_IL27RA,1167.0,434.0,2648.0,0.0
EBI3_IL6ST,1523.0,531.0,2235.0,582.0
CNTF_IL6ST,876.0,285.0,1267.0,1617.0
CNTF_LIFR,478.0,195.0,1819.0,0.0
CNTF_CNTFR,0.0,18.0,0.0,0.0
CLCF1_IL6ST,1655.0,614.0,1976.0,672.0
CLCF1_LIFR,1392.0,516.0,2402.0,0.0
CLCF1_CNTFR,1057.0,366.0,1044.0,0.0
CTF1_IL6ST,1877.0,390.0,1337.0,996.0
CTF1_LIFR,1609.0,302.0,1867.0,0.0
LIF_IL6ST,2115.0,597.0,1523.0,716.0
LIF_LIFR,1870.0,509.0,2021.0,0.0
OSM_IL6ST,2263.0,612.0,1439.0,666.0
OSM_LIFR,2023.0,526.0,1955.0,0.0
OSM_OSMR,1969.0,534.0,2026.0,0.0
IL10_IL10RA,2258.0,585.0,1420.0,697.0
IL10_IL10RB,2047.0,502.0,1789.0,0.0
IL19_IL20RA,538.0,52.0,14.0,0.0
IL19_IL20RB,1864.0,208.0,180.0,0.0
IL24_IL20RA,144.0,34.0,10.0,0.0
IL24_IL20RB,1636.0,190.0,176.0,0.0
IL24_IL22RA1,144.0,34.0,10.0,0.0
IL26_IL10RB,581.0,204.0,1614.0,0.0
IL26_IL20RA,1.0,16.0,0.0,0.0
IL1A_IL1RAP,1967.0,309.0,280.0,0.0
IL1A_IL1R1,529.0,260.0,1954.0,0.0
IL1B_IL1RAP,2135.0,467.0,1912.0,0.0
IL1B_IL1R1,836.0,411.0,2817.0,0.0
IL1A_IL1R2,1971.0,314.0,242.0,0.0
IL1B_IL1R2,2186.0,468.0,1888.0,0.0
IL36G_IL1RAP,1813.0,279.0,276.0,0.0
IL36G_IL1RL2,24.0,26.0,0.0,0.0
IL37_IL18RAP,1680.0,361.0,330.0,0.0
IL37_IL18R1,715.0,287.0,1517.0,0.0
IL18_IL18RAP,1931.0,516.0,2035.0,0.0
IL18_IL18R1,1068.0,447.0,2704.0,0.0
IL33_IL1RAP,2111.0,445.0,1944.0,0.0
IL33_IL1RL1,1164.0,254.0,1835.0,0.0
IL17A_IL17RA,422.0,200.0,1824.0,0.0
IL17A_IL17RC,1726.0,328.0,247.0,0.0
IL17F_IL17RA,422.0,195.0,1824.0,0.0
IL17F_IL17RC,1726.0,320.0,247.0,0.0
IL17B_IL17RB,1590.0,144.0,116.0,0.0
IL17C_IL17RA,910.0,239.0,1835.0,0.0
IL17C_IL17RE,835.0,99.0,32.0,0.0
IL25_IL17RA,422.0,184.0,1824.0,0.0
IL25_IL17RB,1588.0,126.0,116.0,0.0
IL34_CSF1R,1961.0,793.0,1616.0,629.0
CSF1_CSF1R,1071.0,623.0,2550.0,629.0
IL16_CD4,0.0,0.0,0.0,623.0
EPO_EPOR,1511.0,385.0,502.0,0.0
GH1_GHR,2231.0,223.0,198.0,0.0
PRL_PRLR,37.0,28.0,0.0,0.0
CSF3_CSF3R,2713.0,656.0,1078.0,0.0
IFNB1_IFNAR1,557.0,172.0,1662.0,0.0
IFNB1_IFNAR2,644.0,191.0,1553.0,0.0
IFNE_IFNAR1,557.0,171.0,1662.0,0.0
IFNE_IFNAR2,644.0,191.0,1553.0,0.0
IFNA5_IFNAR1,557.0,172.0,1662.0,0.0
IFNA5_IFNAR2,644.0,192.0,1553.0,0.0
IFNG_IFNGR1,2200.0,578.0,1338.0,735.0
IFNG_IFNGR2,2132.0,640.0,1239.0,806.0
TNF_TNFRSF1A,1878.0,580.0,1950.0,591.0
TNF_TNFRSF1B,1936.0,704.0,1780.0,562.0
LTA_TNFRSF1A,1560.0,523.0,2248.0,600.0
LTA_TNFRSF1B,1613.0,649.0,2100.0,581.0
LTA_TNFRSF14,1669.0,560.0,2061.0,626.0
LTB_LTBR,1586.0,448.0,2379.0,538.0
LTA_LTBR,1293.0,578.0,2475.0,0.0
TNFSF14_LTBR,1906.0,627.0,2018.0,0.0
TNFSF14_TNFRSF14,2291.0,612.0,1472.0,628.0
FASLG_FAS,1966.0,390.0,2020.0,0.0
TNFSF15_TNFRSF25,2236.0,398.0,1723.0,618.0
TNFSF10_TNFRSF10A,1657.0,502.0,2120.0,0.0
TNFSF10_TNFRSF10B,987.0,294.0,2696.0,0.0
EDA_EDAR,2463.0,302.0,250.0,0.0
EDA_EDA2R,1443.0,172.0,106.0,0.0
NGF_NGFR,1215.0,325.0,1672.0,0.0
KLK3_NGFR,638.0,269.0,1650.0,0.0
TNFSF11_TNFRSF11A,2021.0,537.0,1883.0,0.0
TNFSF11_TNFRSF11B,979.0,513.0,2688.0,0.0
TNFSF12_TNFRSF12A,1529.0,511.0,2428.0,0.0
CD70_CD27,2223.0,637.0,1435.0,684.0
TNFSF8_TNFRSF8,2415.0,659.0,864.0,0.0
TNFSF9_TNFRSF9,2351.0,479.0,1516.0,0.0
TNFSF4_TNFRSF4,2113.0,448.0,1766.0,0.0
TNFSF18_TNFRSF18,496.0,257.0,1765.0,0.0
TNFSF13_TNFRSF17,655.0,471.0,2836.0,0.0
TNFSF13_TNFRSF13B,611.0,458.0,2863.0,0.0
TNFSF13B_TNFRSF17,885.0,475.0,2775.0,0.0
TNFSF13B_TNFRSF13B,866.0,464.0,2792.0,0.0
TNFSF13B_TNFRSF13C,1571.0,426.0,2450.0,526.0
CD40LG_ITGA2B,1302.0,343.0,1062.0,0.0
CD40LG_ITGB3,1187.0,315.0,1052.0,0.0
CD40LG_ITGA5,1587.0,483.0,2421.0,0.0
CD40LG_ITGB1,1719.0,763.0,1966.0,579.0
CD40LG_ITGAM,1673.0,588.0,2101.0,0.0
CD40LG_ITGB2,2004.0,532.0,1972.0,555.0
SPP1_CD44,2077.0,536.0,1811.0,566.0
SPP1_ITGAV,1608.0,459.0,2314.0,0.0
SPP1_ITGB3,1324.0,298.0,918.0,0.0
SPP1_ITGB1,1766.0,759.0,1857.0,594.0
SPP1_ITGB5,2567.0,578.0,1072.0,0.0
SPP1_ITGA4,1921.0,535.0,1922.0,526.0
SPP1_ITGA9,2158.0,597.0,1533.0,0.0
SPP1_ITGA8,2671.0,512.0,1057.0,0.0
SPP1_ITGA5,1656.0,467.0,2339.0,0.0
ADIPOQ_ADIPOR1,649.0,160.0,1582.0,0.0
ADIPOQ_ADIPOR2,388.0,228.0,1904.0,0.0
RETN_TLR4,369.0,285.0,1907.0,0.0
RETN_CAP1,996.0,290.0,1231.0,1573.0
NAMPT_ITGA5,1168.0,622.0,2540.0,572.0
NAMPT_ITGB1,0.0,0.0,0.0,642.0
ANGPTL1_ITGB1,1234.0,558.0,1264.0,1293.0
ANGPTL1_ITGA1,1013.0,324.0,1787.0,0.0
ANGPTL2_ITGA5,1742.0,548.0,2215.0,0.0
ANGPTL2_ITGB1,1853.0,832.0,1702.0,611.0
ANGPTL2_TLR4,1601.0,606.0,2238.0,0.0
ANGPTL2_LILRB3,2515.0,626.0,858.0,0.0
ANGPTL1_LILRB3,2279.0,338.0,251.0,0.0
ANGPTL7_LILRB3,1911.0,279.0,222.0,0.0
ANGPTL4_ITGA5,1959.0,541.0,2060.0,0.0
ANGPTL4_ITGB1,2042.0,833.0,1545.0,618.0
ANGPTL4_ITGAV,1917.0,541.0,2054.0,0.0
ANGPTL4_ITGB3,1657.0,379.0,435.0,0.0
ANGPTL4_CDH5,1903.0,614.0,1854.0,0.0
ANGPTL4_CDH11,2200.0,641.0,1566.0,0.0
ANGPTL4_SDC1,2083.0,585.0,1707.0,0.0
ANGPTL4_SDC2,2309.0,692.0,1279.0,0.0
ANGPTL4_SDC3,2023.0,507.0,1985.0,0.0
ANGPTL4_SDC4,2010.0,616.0,1986.0,0.0
ANGPT1_TEK,2011.0,407.0,400.0,0.0
ANGPT2_TEK,2697.0,617.0,562.0,0.0
ANGPT2_ITGA5,2244.0,455.0,1949.0,0.0
ANGPT2_ITGB1,2309.0,764.0,1401.0,596.0
MDK_SDC1,1308.0,476.0,2592.0,0.0
MDK_SDC2,1424.0,589.0,2315.0,0.0
MDK_SDC4,838.0,488.0,2731.0,0.0
MDK_PTPRZ1,435.0,258.0,1778.0,0.0
MDK_ITGA4,1225.0,487.0,2480.0,593.0
MDK_ITGB1,1084.0,715.0,2486.0,611.0
MDK_ITGA6,856.0,464.0,2783.0,0.0
MDK_LRP1,1161.0,495.0,2582.0,0.0
MDK_NCL,1367.0,489.0,2405.0,608.0
MDK_ALK,435.0,259.0,1778.0,0.0
PTN_PTPRZ1,1812.0,222.0,153.0,0.0
PTN_SDC1,2359.0,440.0,1541.0,0.0
PTN_SDC2,2425.0,546.0,1093.0,0.0
PTN_SDC3,2112.0,366.0,1867.0,0.0
PTN_SDC4,2059.0,463.0,1838.0,0.0
PTN_ITGAV,2061.0,387.0,1893.0,0.0
PTN_ITGB3,1812.0,223.0,153.0,0.0
PTN_NCL,2377.0,456.0,1237.0,704.0
PTN_ALK,1812.0,221.0,153.0,0.0
POSTN_ITGAV,2627.0,455.0,1895.0,0.0
POSTN_ITGB3,2446.0,306.0,162.0,0.0
POSTN_ITGB5,3137.0,584.0,380.0,0.0
AGT_AGTR1,1044.0,106.0,45.0,0.0
KNG1_BDKRB1,0.0,7.0,0.0,0.0
KNG1_BDKRB2,608.0,54.0,7.0,0.0
C3_C3AR1,1940.0,539.0,2053.0,501.0
C3_CR2,0.0,0.0,0.0,302.0
C3_ITGAM,1700.0,493.0,2192.0,542.0
C3_ITGB2,0.0,0.0,0.0,483.0
C3_ITGAX,0.0,0.0,0.0,551.0
C4A_C3AR1,923.0,346.0,1222.0,0.0
C4A_CR2,1787.0,218.0,1167.0,871.0
C5_C5AR1,2029.0,567.0,1934.0,0.0
EDN1_EDNRA,2666.0,604.0,510.0,0.0
EDN2_EDNRA,1752.0,355.0,323.0,0.0
EDN3_EDNRA,1762.0,371.0,323.0,0.0
EDN1_EDNRB,1979.0,477.0,1990.0,0.0
EDN2_EDNRB,370.0,214.0,1887.0,0.0
EDN3_EDNRB,386.0,231.0,1887.0,0.0
GAL_GALR1,0.0,15.0,0.0,0.0
GAL_GALR2,327.0,66.0,22.0,0.0
GAL_GALR3,0.0,20.0,0.0,0.0
GHRL_GHSR,1322.0,386.0,704.0,0.0
POMC_MC1R,2346.0,698.0,948.0,0.0
POMC_MC4R,1761.0,355.0,335.0,0.0
NMU_NMUR1,543.0,78.0,65.0,0.0
NMU_NMUR2,21.0,21.0,0.0,0.0
NPFF_NPFFR1,2249.0,649.0,1283.0,0.0
NPFF_NPFFR2,914.0,381.0,1059.0,0.0
NPY_NPY1R,1334.0,322.0,932.0,0.0
NPY_NPY2R,0.0,8.0,0.0,0.0
NPY_NPY5R,369.0,51.0,10.0,0.0
NPY_GPR83,1506.0,130.0,120.0,0.0
PPY_NPY1R,1574.0,360.0,938.0,0.0
PPY_NPY2R,384.0,49.0,7.0,0.0
PPY_NPY5R,701.0,91.0,17.0,0.0
PPY_GPR83,1753.0,170.0,127.0,0.0
PYY_NPY1R,1964.0,398.0,992.0,0.0
PYY_NPY2R,966.0,88.0,84.0,0.0
PYY_NPY5R,1231.0,130.0,94.0,0.0
PYY_GPR83,2093.0,209.0,203.0,0.0
NTS_NTSR1,2196.0,356.0,772.0,0.0
PENK_OPRL1,1507.0,395.0,460.0,0.0
PENK_OPRM1,0.0,14.0,0.0,0.0
POMC_OPRL1,2617.0,681.0,731.0,0.0
POMC_OPRM1,1736.0,332.0,329.0,0.0
HCRT_HCRTR1,1813.0,274.0,211.0,0.0
OXT_OXTR,1926.0,185.0,154.0,0.0
SST_SSTR1,0.0,9.0,0.0,0.0
SST_SSTR2,1880.0,247.0,219.0,0.0
SST_SSTR3,1775.0,333.0,287.0,0.0
CORT_SSTR1,1015.0,102.0,96.0,0.0
CORT_SSTR2,2441.0,332.0,313.0,0.0
CORT_SSTR3,2357.0,416.0,375.0,0.0
TAC4_TACR1,1740.0,298.0,298.0,0.0
AVP_AVPR2,1055.0,93.0,93.0,0.0
AVP_AVPR1A,1779.0,189.0,190.0,0.0
AVP_AVPR1B,0.0,10.0,0.0,0.0
PRSS3_F2R,639.0,290.0,1534.0,0.0
CTSG_F2R,1736.0,566.0,2006.0,0.0
F2_F2R,639.0,292.0,1534.0,0.0
PLG_F2R,671.0,313.0,1539.0,0.0
GZMA_F2R,983.0,525.0,2601.0,0.0
PRSS2_F2R,688.0,310.0,1534.0,0.0
PRSS1_F2R,708.0,313.0,1543.0,0.0
PRSS3_F2RL1,717.0,68.0,74.0,0.0
CTSG_F2RL1,1887.0,378.0,829.0,0.0
F2_F2RL1,717.0,70.0,74.0,0.0
PLG_F2RL1,744.0,90.0,82.0,0.0
GZMA_F2RL1,1132.0,315.0,1769.0,0.0
PRSS2_F2RL1,764.0,89.0,74.0,0.0
PRSS1_F2RL1,780.0,96.0,83.0,0.0
PRSS3_F2RL2,0.0,7.0,0.0,0.0
CTSG_F2RL2,1458.0,320.0,769.0,0.0
F2_F2RL2,0.0,9.0,0.0,0.0
PLG_F2RL2,37.0,30.0,8.0,0.0
GZMA_F2RL2,508.0,256.0,1733.0,0.0
PRSS2_F2RL2,56.0,29.0,0.0,0.0
PRSS1_F2RL2,81.0,35.0,10.0,0.0
PRSS3_F2RL3,1753.0,284.0,230.0,0.0
CTSG_F2RL3,2462.0,577.0,961.0,0.0
F2_F2RL3,1753.0,286.0,230.0,0.0
GZMA_F2RL3,1982.0,524.0,1848.0,0.0
PLG_F2RL3,1772.0,306.0,237.0,0.0
PRSS2_F2RL3,1783.0,303.0,230.0,0.0
PRSS1_F2RL3,1791.0,309.0,239.0,0.0
PRSS3_PARD3,1725.0,294.0,246.0,0.0
CTSG_PARD3,2456.0,582.0,961.0,0.0
F2_PARD3,1725.0,296.0,246.0,0.0
GZMA_PARD3,1972.0,527.0,1873.0,0.0
PLG_PARD3,1747.0,314.0,254.0,0.0
PRSS2_PARD3,1759.0,315.0,246.0,0.0
PRSS1_PARD3,1771.0,320.0,255.0,0.0
PMCH_MCHR1,2057.0,283.0,208.0,0.0
PROK1_PROKR1,0.0,7.0,0.0,0.0
PROK2_PROKR1,0.0,13.0,0.0,0.0
ADCYAP1_ADCYAP1R1,1859.0,253.0,224.0,0.0
VIP_VIPR1,2106.0,419.0,604.0,0.0
VIP_VIPR2,2289.0,291.0,250.0,0.0
NPPA_NPR1,1811.0,307.0,307.0,0.0
NPPC_NPR2,2688.0,676.0,1069.0,0.0
KITLG_KIT,2585.0,636.0,686.0,0.0
CGA_FSHR,0.0,6.0,0.0,0.0
LHB_LHCGR,65.0,32.0,16.0,0.0
CGA_LHCGR,0.0,8.0,0.0,0.0
CGA_TSHR,1361.0,117.0,96.0,0.0
BDNF_NTRK2,854.0,70.0,35.0,0.0
NGF_NTRK1,1196.0,126.0,116.0,0.0
FLT3LG_FLT3,1727.0,418.0,2345.0,0.0
HGF_MET,2482.0,437.0,447.0,0.0
KLK3_NTRK1,648.0,67.0,76.0,0.0
NTF3_NTRK1,1654.0,155.0,136.0,0.0
NTF3_NTRK2,1810.0,157.0,96.0,0.0
NTF3_NTRK3,2509.0,282.0,172.0,0.0
NTF4_NTRK2,854.0,68.0,35.0,0.0
SEMA3A_NRP1,1573.0,577.0,2016.0,0.0
SEMA3A_PLXNA1,1333.0,534.0,2361.0,0.0
SEMA3A_PLXNA2,2307.0,609.0,1201.0,0.0
SEMA3A_PLXNA3,1289.0,562.0,2444.0,0.0
SEMA3A_PLXNA4,2208.0,591.0,1197.0,0.0
SEMA3B_NRP1,1601.0,348.0,1427.0,0.0
SEMA3B_PLXNA1,1259.0,301.0,1833.0,0.0
SEMA3B_PLXNA2,2334.0,377.0,322.0,0.0
SEMA3B_PLXNA3,1176.0,313.0,1940.0,0.0
SEMA3B_PLXNA4,2297.0,355.0,294.0,0.0
SEMA3C_NRP1,1326.0,336.0,1450.0,0.0
SEMA3C_PLXNA1,946.0,289.0,1840.0,0.0
SEMA3C_PLXNA2,2131.0,368.0,347.0,0.0
SEMA3C_PLXNA3,882.0,298.0,1948.0,0.0
SEMA3C_PLXNA4,2039.0,342.0,324.0,0.0
SEMA3D_NRP1,2300.0,563.0,1537.0,0.0
SEMA3D_PLXNA1,2111.0,522.0,1929.0,0.0
SEMA3D_PLXNA2,2821.0,590.0,473.0,0.0
SEMA3D_PLXNA3,2032.0,537.0,2021.0,0.0
SEMA3D_PLXNA4,2770.0,569.0,446.0,0.0
SEMA3B_NRP2,1488.0,343.0,1615.0,0.0
SEMA3C_NRP2,1176.0,325.0,1641.0,0.0
SEMA3D_NRP2,2256.0,560.0,1723.0,0.0
SEMA3F_PLXNA1,1869.0,571.0,1966.0,0.0
SEMA3F_NRP2,1960.0,589.0,1758.0,0.0
SEMA3F_PLXNA2,2633.0,636.0,542.0,0.0
SEMA3F_PLXNA3,1837.0,585.0,2077.0,0.0
SEMA3F_PLXNA4,2563.0,609.0,524.0,0.0
SEMA3G_PLXNA1,2098.0,475.0,1914.0,0.0
SEMA3G_NRP2,2173.0,504.0,1696.0,0.0
SEMA3G_PLXNA2,2797.0,551.0,428.0,0.0
SEMA3G_PLXNA3,2050.0,479.0,1998.0,0.0
SEMA3G_PLXNA4,2714.0,518.0,397.0,0.0
SEMA3C_PLXND1,1251.0,299.0,1536.0,1276.0
SEMA3E_PLXND1,716.0,243.0,1485.0,1597.0
ADM_CALCRL,2212.0,664.0,1360.0,0.0
AGT_MAS1,664.0,63.0,16.0,0.0
ANXA1_FPR2,1415.0,302.0,1856.0,0.0
ANXA1_FPR1,1553.0,549.0,2309.0,0.0
CALCA_CALCRL,988.0,334.0,1118.0,0.0
CALCB_CALCRL,988.0,335.0,1118.0,0.0
ENHO_GPR19,1699.0,190.0,149.0,0.0
GAS6_AXL,2001.0,454.0,2065.0,0.0
GAS6_MERTK,1602.0,472.0,2237.0,0.0
GAS6_TYRO3,2059.0,280.0,1814.0,0.0
GH1_PRLR,869.0,91.0,54.0,0.0
GRN_SORT1,2219.0,601.0,1522.0,642.0
GUCA2A_GUCY2C,1594.0,138.0,135.0,0.0
GUCA2B_GUCY2C,1594.0,139.0,135.0,0.0
INSL3_RXFP1,1589.0,440.0,828.0,0.0
INSL5_RXFP1,510.0,63.0,52.0,0.0
LEP_LEPR,1393.0,364.0,729.0,0.0
LGALS9_PTPRC,0.0,0.0,0.0,589.0
OSTN_NPR3,184.0,41.0,9.0,0.0
PMCH_MERTK,2420.0,602.0,1034.0,0.0
PROS1_AXL,2100.0,675.0,1456.0,0.0
PROS1_TYRO3,2226.0,510.0,1157.0,0.0
PSAP_GPR37L1,1225.0,231.0,1059.0,1535.0
PSAP_GPR37,1279.0,242.0,1073.0,1501.0
PTH2_PTH1R,1720.0,332.0,309.0,0.0
PTH2_PTH2R,0.0,10.0,0.0,0.0
PTHLH_PTH1R,2033.0,376.0,309.0,0.0
QRFP_QRFPR,0.0,5.0,0.0,0.0
RARRES2_GPR1,1890.0,485.0,1319.0,946.0
RARRES2_CMKLR1,1165.0,605.0,2537.0,557.0
RLN1_RXFP1,788.0,105.0,54.0,0.0
RLN3_RXFP1,515.0,75.0,52.0,0.0
SAA1_FPR2,1679.0,161.0,150.0,0.0
SCGB3A2_MARCO,1147.0,249.0,1294.0,0.0
SCT_SCTR,1893.0,314.0,165.0,0.0
SLURP2_CHRNB1,1260.0,391.0,765.0,0.0
SLURP2_CHRNB2,0.0,6.0,0.0,0.0
SLURP2_CHRNB4,923.0,92.0,79.0,0.0
SLURP2_CHRNA1,864.0,84.0,109.0,0.0
SLURP2_CHRNA2,0.0,6.0,0.0,0.0
SLURP2_CHRNA3,2007.0,205.0,224.0,0.0
SLURP2_CHRNA5,871.0,87.0,79.0,0.0
SLURP2_CHRNA6,0.0,7.0,0.0,0.0
SLURP2_CHRNA7,0.0,10.0,0.0,0.0
SLURP2_CHRNA9,0.0,10.0,0.0,0.0
SLURP2_CHRNA10,1704.0,253.0,225.0,0.0
SLURP2_CHRND,0.0,6.0,0.0,0.0
SLURP2_CHRNE,1890.0,196.0,208.0,0.0
BTLA_TNFRSF14,1195.0,510.0,2501.0,639.0
BAG6_NCR3,1259.0,547.0,2443.0,608.0
LGALS9_HAVCR2,1314.0,722.0,2192.0,629.0
LGALS9_CD44,0.0,0.0,0.0,618.0
ANXA1_FPR3,1982.0,524.0,2043.0,0.0
KLK4_F2R,639.0,290.0,1534.0,0.0
KLK1_F2R,1582.0,664.0,2005.0,0.0
KLK2_F2R,666.0,303.0,1534.0,0.0
KLK14_F2R,639.0,290.0,1534.0,0.0
KLK4_F2RL1,717.0,68.0,74.0,0.0
KLK2_F2RL1,737.0,87.0,74.0,0.0
KLK14_F2RL1,717.0,68.0,74.0,0.0
ADM_RAMP1,2560.0,643.0,1365.0,0.0
ADM_RAMP2,1990.0,583.0,1973.0,0.0
ADM_RAMP3,2052.0,555.0,1886.0,0.0
CALCA_RAMP1,1169.0,300.0,1148.0,0.0
CALCA_RAMP2,447.0,243.0,1792.0,0.0
CALCA_RAMP3,566.0,203.0,1709.0,0.0
CALCB_RAMP1,1169.0,301.0,1148.0,0.0
CALCB_RAMP2,447.0,243.0,1792.0,0.0
CALCB_RAMP3,566.0,204.0,1709.0,0.0
PROC_PROCR,2252.0,384.0,381.0,0.0
PROC_HSP90AA1,1778.0,275.0,1065.0,1189.0
PROC_F2R,1315.0,364.0,1561.0,0.0
SLC18A1_HTR3A,1720.0,381.0,397.0,0.0
SLC18A1_HTR3C,29.0,24.0,0.0,0.0
SLC18A1_HTR3E,29.0,25.0,0.0,0.0
SLC18A1_HTR3B,29.0,24.0,0.0,0.0
TPH1_HTR3A,2672.0,486.0,491.0,0.0
TPH1_HTR3C,1740.0,134.0,113.0,0.0
TPH1_HTR3E,1740.0,135.0,113.0,0.0
TPH1_HTR3B,1740.0,134.0,113.0,0.0
SLC18A2_HTR3A,2410.0,465.0,461.0,0.0
SLC18A2_HTR3C,1235.0,114.0,83.0,0.0
SLC18A2_HTR3E,1235.0,115.0,83.0,0.0
SLC18A2_HTR3B,1235.0,114.0,83.0,0.0
SLC6A4_HTR3A,1725.0,384.0,397.0,0.0
SLC6A4_HTR3C,40.0,26.0,0.0,0.0
SLC6A4_HTR3E,40.0,27.0,0.0,0.0
SLC6A4_HTR3B,40.0,26.0,0.0,0.0
SLC10A4_CHRNA1,885.0,101.0,109.0,0.0
SLC10A4_CHRNB1,1276.0,407.0,765.0,0.0
SLC10A4_CHRND,29.0,23.0,0.0,0.0
SLC10A4_CHRNE,1909.0,213.0,208.0,0.0
SLC10A4_CHRNA3,2018.0,222.0,224.0,0.0
SLC10A4_CHRNB4,944.0,107.0,79.0,0.0
SLC10A4_CHRNB2,29.0,23.0,0.0,0.0
SLC10A4_CHRNA7,29.0,27.0,0.0,0.0
SLC5A7_CHRNA1,864.0,81.0,109.0,0.0
SLC5A7_CHRNB1,1260.0,388.0,765.0,0.0
SLC5A7_CHRND,0.0,3.0,0.0,0.0
SLC5A7_CHRNE,1890.0,193.0,208.0,0.0
SLC5A7_CHRNB2,0.0,3.0,0.0,0.0
SLC5A7_CHRNA7,0.0,7.0,0.0,0.0
SLC32A1_GABRA1,0.0,9.0,0.0,0.0
SLC32A1_GABRG2,0.0,8.0,0.0,0.0
SLC32A1_GABRB3,0.0,11.0,0.0,0.0
GAD1_GABRA1,53.0,23.0,0.0,0.0
GAD1_GABRG2,53.0,22.0,0.0,0.0
GAD1_GABRB3,53.0,25.0,0.0,0.0
SLC32A1_GABRB2,0.0,11.0,0.0,0.0
GAD1_GABRB2,53.0,25.0,0.0,0.0
SLC32A1_GABRD,389.0,53.0,3.0,0.0
GAD1_GABRD,435.0,67.0,3.0,0.0
SLC32A1_GABRA2,0.0,13.0,0.0,0.0
GAD1_GABRA2,53.0,27.0,0.0,0.0
SLC32A1_GABRA3,0.0,10.0,0.0,0.0
GAD1_GABRA3,53.0,24.0,0.0,0.0
SLC32A1_GABRQ,0.0,19.0,0.0,0.0
GAD1_GABRQ,53.0,33.0,0.0,0.0
SLC32A1_GABRE,1655.0,352.0,398.0,0.0
GAD1_GABRE,1686.0,366.0,398.0,0.0
SLC32A1_GABRA4,43.0,30.0,0.0,0.0
GAD1_GABRA4,96.0,43.0,0.0,0.0
SLC32A1_GABRA5,46.0,31.0,0.0,0.0
GAD1_GABRA5,99.0,45.0,0.0,0.0
SLC6A1_GABRA1,287.0,42.0,10.0,0.0
SLC6A1_GABRG2,287.0,41.0,10.0,0.0
SLC6A1_GABRB3,287.0,44.0,10.0,0.0
SLC6A1_GABRB2,287.0,43.0,10.0,0.0
SLC6A1_GABRD,637.0,85.0,13.0,0.0
SLC6A1_GABRA2,287.0,46.0,10.0,0.0
SLC6A1_GABRA3,287.0,43.0,10.0,0.0
SLC6A1_GABRQ,287.0,52.0,10.0,0.0
SLC6A1_GABRE,1785.0,384.0,406.0,0.0
SLC6A1_GABRA4,330.0,63.0,10.0,0.0
SLC6A1_GABRA5,324.0,64.0,10.0,0.0
SLC6A12_GABRA1,1311.0,117.0,95.0,0.0
SLC6A12_GABRG2,1311.0,116.0,95.0,0.0
SLC6A12_GABRB3,1311.0,119.0,95.0,0.0
SLC6A12_GABRB2,1311.0,119.0,95.0,0.0
SLC6A12_GABRD,1551.0,158.0,97.0,0.0
SLC6A12_GABRA2,1311.0,121.0,95.0,0.0
SLC6A12_GABRA3,1311.0,118.0,95.0,0.0
SLC6A12_GABRQ,1311.0,127.0,95.0,0.0
SLC6A12_GABRE,2390.0,450.0,479.0,0.0
SLC6A12_GABRA4,1341.0,137.0,95.0,0.0
SLC6A12_GABRA5,1343.0,138.0,95.0,0.0
SLC6A13_GABRA1,73.0,29.0,3.0,0.0
SLC6A13_GABRG2,73.0,28.0,3.0,0.0
SLC6A13_GABRB3,73.0,31.0,3.0,0.0
SLC6A13_GABRB2,73.0,31.0,3.0,0.0
SLC6A13_GABRD,454.0,72.0,6.0,0.0
SLC6A13_GABRA2,73.0,33.0,3.0,0.0
SLC6A13_GABRA3,73.0,30.0,3.0,0.0
SLC6A13_GABRQ,73.0,39.0,3.0,0.0
SLC6A13_GABRE,1698.0,370.0,400.0,0.0
SLC6A13_GABRA4,115.0,49.0,3.0,0.0
SLC6A13_GABRA5,119.0,51.0,3.0,0.0
SLC6A6_GABRA1,339.0,231.0,1910.0,0.0
SLC6A6_GABRG2,339.0,230.0,1910.0,0.0
SLC6A6_GABRB3,339.0,233.0,1910.0,0.0
SLC6A6_GABRB2,339.0,233.0,1910.0,0.0
SLC6A6_GABRD,700.0,273.0,1912.0,0.0
SLC6A6_GABRA2,339.0,235.0,1910.0,0.0
SLC6A6_GABRA3,339.0,232.0,1910.0,0.0
SLC6A6_GABRQ,339.0,241.0,1910.0,0.0
SLC6A6_GABRE,1832.0,553.0,2123.0,0.0
SLC6A6_GABRA4,381.0,251.0,1910.0,0.0
SLC6A6_GABRA5,380.0,251.0,1910.0,0.0
SLC6A8_GABRA1,1559.0,150.0,146.0,0.0
SLC6A8_GABRG2,1559.0,150.0,146.0,0.0
SLC6A8_GABRB3,1559.0,153.0,146.0,0.0
SLC6A8_GABRB2,1559.0,153.0,146.0,0.0
SLC6A8_GABRD,1777.0,195.0,149.0,0.0
SLC6A8_GABRA2,1559.0,155.0,146.0,0.0
SLC6A8_GABRA3,1559.0,152.0,146.0,0.0
SLC6A8_GABRQ,1559.0,161.0,146.0,0.0
SLC6A8_GABRE,2534.0,482.0,533.0,0.0
SLC6A8_GABRA4,1582.0,172.0,146.0,0.0
SLC6A8_GABRA5,1583.0,173.0,146.0,0.0
GAD2_GABRA1,0.0,7.0,0.0,0.0
GAD2_GABRG2,0.0,6.0,0.0,0.0
GAD2_GABRB3,0.0,9.0,0.0,0.0
GAD2_GABRB2,0.0,9.0,0.0,0.0
GAD2_GABRD,389.0,51.0,3.0,0.0
GAD2_GABRA2,0.0,11.0,0.0,0.0
GAD2_GABRA3,0.0,8.0,0.0,0.0
GAD2_GABRQ,0.0,17.0,0.0,0.0
GAD2_GABRE,1655.0,348.0,398.0,0.0
GAD2_GABRA4,43.0,28.0,0.0,0.0
GAD2_GABRA5,46.0,29.0,0.0,0.0
SLC6A5_GLRB,66.0,30.0,4.0,0.0
SHMT1_GLRB,612.0,315.0,1591.0,0.0
SLC6A5_GLRA2,0.0,5.0,0.0,0.0
SHMT1_GLRA2,557.0,290.0,1589.0,0.0
SLC6A9_GLRB,1891.0,185.0,168.0,0.0
SLC6A9_GLRA2,1855.0,163.0,164.0,0.0
SHMT2_GLRB,782.0,506.0,1155.0,1632.0
SHMT2_GLRA2,728.0,483.0,1153.0,1672.0
NT5E_ADORA1,1205.0,355.0,1407.0,0.0
SLC29A1_ADORA1,758.0,297.0,1963.0,0.0
SLC29A2_ADORA1,1514.0,447.0,897.0,0.0
SLC29A3_ADORA1,1430.0,384.0,1115.0,0.0
SLC29A4_ADORA1,730.0,98.0,90.0,0.0
NT5E_ADORA2A,1113.0,501.0,2649.0,0.0
SLC29A1_ADORA2A,620.0,434.0,2943.0,0.0
SLC29A2_ADORA2A,1457.0,581.0,2343.0,0.0
SLC29A3_ADORA2A,1317.0,519.0,2492.0,0.0
SLC29A4_ADORA2A,615.0,248.0,1947.0,0.0
NT5E_ADORA2B,1032.0,344.0,1378.0,0.0
SLC29A1_ADORA2B,534.0,282.0,1937.0,0.0
SLC29A2_ADORA2B,1367.0,433.0,843.0,0.0
SLC29A3_ADORA2B,1251.0,367.0,1071.0,0.0
SLC29A4_ADORA2B,509.0,82.0,27.0,0.0
NT5E_ADORA3,1098.0,349.0,1369.0,0.0
SLC29A1_ADORA3,642.0,287.0,1928.0,0.0
SLC29A2_ADORA3,1446.0,439.0,831.0,0.0
SLC29A3_ADORA3,1297.0,372.0,1064.0,0.0
SLC29A4_ADORA3,603.0,89.0,13.0,0.0
SLC18A1_ADRA1A,29.0,33.0,0.0,0.0
PNMT_ADRA1A,0.0,23.0,0.0,0.0
SLC18A2_ADRA1A,1235.0,123.0,83.0,0.0
DBH_ADRA1A,14.0,30.0,0.0,0.0
SLC18A1_ADRA1B,1707.0,189.0,121.0,0.0
PNMT_ADRA1B,1698.0,179.0,121.0,0.0
SLC18A2_ADRA1B,2354.0,274.0,195.0,0.0
DBH_ADRA1B,1706.0,184.0,121.0,0.0
SLC18A1_ADRA1D,29.0,28.0,0.0,0.0
PNMT_ADRA1D,0.0,18.0,0.0,0.0
SLC18A2_ADRA1D,1235.0,118.0,83.0,0.0
DBH_ADRA1D,14.0,25.0,0.0,0.0
SLC18A1_ADRA2A,591.0,248.0,1741.0,0.0
PNMT_ADRA2A,568.0,239.0,1741.0,0.0
SLC18A2_ADRA2A,1641.0,334.0,1787.0,0.0
DBH_ADRA2A,579.0,246.0,1741.0,0.0
SLC18A1_ADRA2B,763.0,86.0,48.0,0.0
PNMT_ADRA2B,739.0,77.0,48.0,0.0
SLC18A2_ADRA2B,1720.0,174.0,127.0,0.0
DBH_ADRA2B,749.0,84.0,48.0,0.0
SLC18A1_ADRA2C,1430.0,423.0,660.0,0.0
PNMT_ADRA2C,1413.0,415.0,660.0,0.0
SLC18A2_ADRA2C,2209.0,502.0,730.0,0.0
DBH_ADRA2C,1425.0,421.0,660.0,0.0
SLC18A1_ADRB1,527.0,72.0,6.0,0.0
PNMT_ADRB1,501.0,62.0,6.0,0.0
SLC18A2_ADRB1,1569.0,156.0,89.0,0.0
DBH_ADRB1,513.0,69.0,6.0,0.0
SLC18A1_ADRB2,1848.0,249.0,182.0,0.0
PNMT_ADRB2,1831.0,239.0,182.0,0.0
SLC18A2_ADRB2,2522.0,330.0,262.0,0.0
DBH_ADRB2,1836.0,245.0,182.0,0.0
SLC18A1_ADRB3,29.0,38.0,0.0,0.0
PNMT_ADRB3,0.0,28.0,0.0,0.0
SLC18A2_ADRB3,1235.0,128.0,83.0,0.0
DBH_ADRB3,14.0,35.0,0.0,0.0
SLC10A4_CHRM3,138.0,51.0,5.0,0.0
SLC5A7_CHRM3,112.0,33.0,5.0,0.0
SLC10A4_CHRM5,29.0,23.0,0.0,0.0
SLC5A7_CHRM5,0.0,3.0,0.0,0.0
ALOX5AP_CYSLTR1,1181.0,439.0,2475.0,0.0
LTC4S_CYSLTR1,2031.0,628.0,1764.0,0.0
ALOX5_CYSLTR1,1252.0,622.0,2310.0,682.0
GGT5_CYSLTR1,912.0,498.0,2657.0,0.0
GGT1_CYSLTR1,617.0,300.0,1455.0,0.0
DPEP1_CYSLTR1,2117.0,638.0,1762.0,0.0
DPEP2_CYSLTR1,1025.0,490.0,2584.0,0.0
DPEP3_CYSLTR1,1934.0,408.0,1513.0,0.0
ALOX5AP_CYSLTR2,2058.0,460.0,1824.0,0.0
LTC4S_CYSLTR2,2614.0,634.0,793.0,0.0
ALOX5_CYSLTR2,2132.0,654.0,1555.0,705.0
GGT5_CYSLTR2,1821.0,509.0,2057.0,0.0
GGT1_CYSLTR2,1649.0,313.0,339.0,0.0
DPEP1_CYSLTR2,2676.0,642.0,819.0,0.0
DPEP2_CYSLTR2,1933.0,505.0,1982.0,0.0
DPEP3_CYSLTR2,2582.0,422.0,423.0,0.0
SLC18A1_DRD1,108.0,52.0,10.0,0.0
DDC_DRD1,81.0,35.0,10.0,0.0
SLC18A2_DRD1,1291.0,143.0,93.0,0.0
SLC6A3_DRD1,81.0,41.0,10.0,0.0
SLC18A1_DRD2,29.0,23.0,0.0,0.0
DDC_DRD2,0.0,5.0,0.0,0.0
SLC18A2_DRD2,1235.0,113.0,83.0,0.0
SLC6A3_DRD2,0.0,11.0,0.0,0.0
SLC18A1_DRD3,29.0,23.0,0.0,0.0
DDC_DRD3,0.0,5.0,0.0,0.0
SLC18A2_DRD3,1235.0,113.0,83.0,0.0
SLC6A3_DRD3,0.0,11.0,0.0,0.0
SLC18A1_DRD4,1901.0,264.0,201.0,0.0
DDC_DRD4,1886.0,247.0,201.0,0.0
SLC18A2_DRD4,2615.0,350.0,275.0,0.0
SLC6A3_DRD4,1886.0,254.0,201.0,0.0
SLC18A1_DRD5,29.0,25.0,0.0,0.0
DDC_DRD5,0.0,7.0,0.0,0.0
SLC18A2_DRD5,1235.0,115.0,83.0,0.0
SLC6A3_DRD5,0.0,13.0,0.0,0.0
TAFA4_FPR1,1195.0,354.0,880.0,0.0
CTSG_FPR1,2044.0,629.0,1452.0,0.0
ALOX12_FPR2,1035.0,81.0,82.0,0.0
ALOX5AP_FPR2,1505.0,233.0,1689.0,0.0
LTC4S_FPR2,2216.0,433.0,582.0,0.0
ALOX5_FPR2,1589.0,436.0,1395.0,1100.0
SLC32A1_GABBR1,480.0,210.0,1784.0,0.0
GAD1_GABBR1,530.0,223.0,1784.0,0.0
SLC6A1_GABBR1,712.0,242.0,1788.0,0.0
SLC6A12_GABBR1,1584.0,315.0,1834.0,0.0
SLC6A13_GABBR1,545.0,228.0,1784.0,0.0
SLC6A6_GABBR1,745.0,422.0,2847.0,0.0
SLC6A8_GABBR1,1852.0,345.0,1857.0,0.0
GAD2_GABBR1,480.0,208.0,1784.0,0.0
SLC32A1_GABBR2,0.0,16.0,0.0,0.0
GAD1_GABBR2,53.0,30.0,0.0,0.0
SLC6A1_GABBR2,287.0,49.0,10.0,0.0
SLC6A12_GABBR2,1311.0,123.0,95.0,0.0
SLC6A13_GABBR2,73.0,36.0,3.0,0.0
SLC6A6_GABBR2,339.0,237.0,1910.0,0.0
SLC6A8_GABBR2,1559.0,155.0,146.0,0.0
GAD2_GABBR2,0.0,14.0,0.0,0.0
GLS_GRIA1,852.0,325.0,1218.0,1643.0
SLC17A7_GRIA1,916.0,83.0,51.0,0.0
SLC1A1_GRIA1,1964.0,272.0,159.0,0.0
SLC1A2_GRIA1,1955.0,343.0,365.0,0.0
SLC1A3_GRIA1,1474.0,403.0,516.0,0.0
SLC1A6_GRIA1,0.0,6.0,0.0,0.0
SLC1A7_GRIA1,0.0,4.0,0.0,0.0
GLS2_GRIA1,1687.0,201.0,188.0,0.0
GLS_GRIA2,852.0,323.0,1218.0,1642.0
SLC17A7_GRIA2,916.0,81.0,51.0,0.0
SLC1A1_GRIA2,1964.0,270.0,159.0,0.0
SLC1A2_GRIA2,1955.0,342.0,365.0,0.0
SLC1A3_GRIA2,1474.0,401.0,516.0,0.0
SLC1A6_GRIA2,0.0,4.0,0.0,0.0
SLC1A7_GRIA2,0.0,2.0,0.0,0.0
GLS2_GRIA2,1687.0,199.0,188.0,0.0
GLS_GRIA3,1512.0,399.0,1282.0,1225.0
SLC17A7_GRIA3,1528.0,160.0,136.0,0.0
SLC1A1_GRIA3,2406.0,340.0,240.0,0.0
SLC1A2_GRIA3,2346.0,409.0,443.0,0.0
SLC1A3_GRIA3,1992.0,471.0,578.0,0.0
SLC1A6_GRIA3,843.0,84.0,89.0,0.0
SLC1A7_GRIA3,843.0,82.0,89.0,0.0
GLS2_GRIA3,2161.0,277.0,273.0,0.0
GLS_GRIA4,1463.0,399.0,1272.0,1260.0
SLC17A7_GRIA4,1527.0,159.0,136.0,0.0
SLC1A1_GRIA4,2358.0,343.0,244.0,0.0
SLC1A2_GRIA4,2367.0,419.0,448.0,0.0
SLC1A3_GRIA4,1957.0,473.0,579.0,0.0
SLC1A6_GRIA4,783.0,84.0,87.0,0.0
SLC1A7_GRIA4,783.0,82.0,87.0,0.0
GLS2_GRIA4,2170.0,270.0,270.0,0.0
GLS_GRIK1,852.0,323.0,1218.0,1642.0
SLC17A7_GRIK1,916.0,81.0,51.0,0.0
SLC1A1_GRIK1,1964.0,270.0,159.0,0.0
SLC1A2_GRIK1,1955.0,342.0,365.0,0.0
SLC1A3_GRIK1,1474.0,401.0,516.0,0.0
SLC1A6_GRIK1,0.0,4.0,0.0,0.0
SLC1A7_GRIK1,0.0,2.0,0.0,0.0
GLS2_GRIK1,1687.0,199.0,188.0,0.0
GLS_GRIK3,910.0,348.0,1224.0,1596.0
SLC17A7_GRIK3,970.0,109.0,60.0,0.0
SLC1A1_GRIK3,2005.0,296.0,167.0,0.0
SLC1A2_GRIK3,1994.0,366.0,373.0,0.0
SLC1A3_GRIK3,1519.0,425.0,523.0,0.0
SLC1A6_GRIK3,81.0,32.0,9.0,0.0
SLC1A7_GRIK3,81.0,30.0,9.0,0.0
GLS2_GRIK3,1727.0,223.0,197.0,0.0
GLS_GRM1,852.0,325.0,1218.0,1643.0
SLC17A7_GRM1,916.0,83.0,51.0,0.0
SLC1A1_GRM1,1964.0,272.0,159.0,0.0
SLC1A2_GRM1,1955.0,343.0,365.0,0.0
SLC1A3_GRM1,1474.0,402.0,516.0,0.0
SLC1A6_GRM1,0.0,6.0,0.0,0.0
SLC1A7_GRM1,0.0,4.0,0.0,0.0
GLS2_GRM1,1687.0,201.0,188.0,0.0
GLS_GRM2,1494.0,388.0,1256.0,1267.0
SLC17A7_GRM2,1520.0,145.0,118.0,0.0
SLC1A1_GRM2,2376.0,331.0,222.0,0.0
SLC1A2_GRM2,2305.0,403.0,420.0,0.0
SLC1A3_GRM2,2002.0,463.0,568.0,0.0
SLC1A6_GRM2,817.0,71.0,68.0,0.0
SLC1A7_GRM2,817.0,69.0,68.0,0.0
GLS2_GRM2,2166.0,261.0,255.0,0.0
GLS_GRM3,852.0,324.0,1218.0,1642.0
SLC17A7_GRM3,916.0,82.0,51.0,0.0
SLC1A1_GRM3,1964.0,271.0,159.0,0.0
SLC1A2_GRM3,1955.0,343.0,365.0,0.0
SLC1A3_GRM3,1474.0,402.0,516.0,0.0
SLC1A6_GRM3,0.0,5.0,0.0,0.0
SLC1A7_GRM3,0.0,3.0,0.0,0.0
GLS2_GRM3,1687.0,200.0,188.0,0.0
GLS_GRM4,852.0,327.0,1218.0,1639.0
SLC17A7_GRM4,916.0,85.0,51.0,0.0
SLC1A1_GRM4,1964.0,274.0,159.0,0.0
SLC1A2_GRM4,1955.0,344.0,365.0,0.0
SLC1A3_GRM4,1474.0,404.0,516.0,0.0
SLC1A6_GRM4,0.0,8.0,0.0,0.0
SLC1A7_GRM4,0.0,6.0,0.0,0.0
GLS2_GRM4,1687.0,202.0,188.0,0.0
GLS_GRM5,852.0,323.0,1218.0,1643.0
SLC17A7_GRM5,916.0,81.0,51.0,0.0
SLC1A1_GRM5,1964.0,270.0,159.0,0.0
SLC1A2_GRM5,1955.0,342.0,365.0,0.0
SLC1A3_GRM5,1474.0,401.0,516.0,0.0
SLC1A6_GRM5,0.0,4.0,0.0,0.0
SLC1A7_GRM5,0.0,2.0,0.0,0.0
GLS2_GRM5,1687.0,199.0,188.0,0.0
GLS_GRM7,852.0,327.0,1218.0,1641.0
SLC17A7_GRM7,916.0,85.0,51.0,0.0
SLC1A1_GRM7,1964.0,274.0,159.0,0.0
SLC1A2_GRM7,1955.0,346.0,365.0,0.0
SLC1A3_GRM7,1474.0,404.0,516.0,0.0
SLC1A6_GRM7,0.0,8.0,0.0,0.0
SLC1A7_GRM7,0.0,6.0,0.0,0.0
GLS2_GRM7,1687.0,203.0,188.0,0.0
GLS_GRM8,852.0,325.0,1218.0,1641.0
SLC17A7_GRM8,916.0,83.0,51.0,0.0
SLC1A1_GRM8,1964.0,272.0,159.0,0.0
SLC1A2_GRM8,1955.0,344.0,365.0,0.0
SLC1A3_GRM8,1474.0,403.0,516.0,0.0
SLC1A6_GRM8,0.0,6.0,0.0,0.0
SLC1A7_GRM8,0.0,4.0,0.0,0.0
GLS2_GRM8,1687.0,201.0,188.0,0.0
HDC_HRH1,2637.0,529.0,352.0,0.0
HDC_HRH2,2503.0,738.0,853.0,0.0
HDC_HRH3,1679.0,388.0,279.0,0.0
HDC_HRH4,1679.0,385.0,279.0,0.0
SLC18A1_HTR1D,29.0,24.0,0.0,0.0
TPH1_HTR1D,1740.0,134.0,113.0,0.0
SLC18A2_HTR1D,1235.0,114.0,83.0,0.0
SLC6A4_HTR1D,40.0,26.0,0.0,0.0
SLC18A1_HTR1F,29.0,31.0,0.0,0.0
TPH1_HTR1F,1740.0,141.0,113.0,0.0
SLC18A2_HTR1F,1235.0,121.0,83.0,0.0
SLC6A4_HTR1F,40.0,33.0,0.0,0.0
SLC18A1_HTR2A,29.0,26.0,0.0,0.0
TPH1_HTR2A,1740.0,136.0,113.0,0.0
SLC18A2_HTR2A,1235.0,116.0,83.0,0.0
SLC6A4_HTR2A,40.0,28.0,0.0,0.0
SLC18A1_HTR2B,907.0,96.0,90.0,0.0
TPH1_HTR2B,2204.0,204.0,202.0,0.0
SLC18A2_HTR2B,1852.0,180.0,170.0,0.0
SLC6A4_HTR2B,909.0,97.0,90.0,0.0
SLC18A1_HTR4,29.0,25.0,0.0,0.0
TPH1_HTR4,1740.0,135.0,113.0,0.0
SLC18A2_HTR4,1235.0,115.0,83.0,0.0
SLC6A4_HTR4,40.0,27.0,0.0,0.0
SLC18A1_HTR6,1464.0,169.0,167.0,0.0
TPH1_HTR6,2523.0,278.0,275.0,0.0
SLC18A2_HTR6,2222.0,258.0,246.0,0.0
SLC6A4_HTR6,1474.0,174.0,167.0,0.0
SLC18A1_HTR7,446.0,75.0,20.0,0.0
TPH1_HTR7,1966.0,184.0,133.0,0.0
SLC18A2_HTR7,1492.0,163.0,103.0,0.0
SLC6A4_HTR7,449.0,77.0,20.0,0.0
LTA4H_LTB4R,884.0,406.0,2716.0,0.0
LTA4H_LTB4R2,1317.0,249.0,1664.0,0.0
PTPRS_NTRK3,2231.0,248.0,158.0,0.0
PNOC_OPRL1,1759.0,607.0,2092.0,0.0
PTGDS_PTGDR,2047.0,305.0,1173.0,917.0
PTGDS_PTGDR2,1429.0,232.0,1112.0,1275.0
PTGES_PTGER1,2263.0,508.0,1083.0,0.0
PTGES2_PTGER1,2005.0,288.0,1732.0,0.0
PTGES3_PTGER1,2157.0,403.0,1353.0,874.0
PTGES_PTGER2,2342.0,662.0,1174.0,0.0
PTGES2_PTGER2,2044.0,456.0,1809.0,0.0
PTGES3_PTGER2,2255.0,560.0,1441.0,668.0
PTGES_PTGER3,2358.0,570.0,1132.0,0.0
PTGES2_PTGER3,2104.0,363.0,1788.0,0.0
PTGES3_PTGER3,2285.0,473.0,1408.0,708.0
PTGES_PTGER4,1298.0,590.0,2388.0,0.0
PTGES2_PTGER4,916.0,377.0,2778.0,0.0
PTGES3_PTGER4,1145.0,484.0,2521.0,633.0
AKR1C3_PTGFR,2744.0,547.0,455.0,0.0
CBR1_PTGFR,2037.0,457.0,2035.0,0.0
PRXL2B_PTGFR,1999.0,558.0,1901.0,0.0
PTGIS_PTGIR,2651.0,505.0,617.0,0.0
VIP_SCTR,658.0,79.0,104.0,0.0
SLITRK1_PTPRD,55.0,29.0,6.0,0.0
SLITRK1_PTPRS,595.0,59.0,45.0,0.0
SLITRK2_PTPRD,1468.0,184.0,172.0,0.0
SLITRK2_PTPRS,1844.0,214.0,207.0,0.0
SLITRK3_PTPRD,55.0,28.0,6.0,0.0
SLITRK4_PTPRS,597.0,73.0,45.0,0.0
SLITRK5_PTPRS,626.0,79.0,45.0,0.0
TBXAS1_TBXA2R,2005.0,531.0,1823.0,0.0
GLS_GRIK4,1782.0,414.0,1253.0,1088.0
GLS_GRIK5,2205.0,531.0,1329.0,748.0
GLS_GRIN1,2046.0,433.0,1290.0,942.0
GLS_GRIN2A,856.0,338.0,1218.0,1634.0
GLS_GRIN2B,1664.0,405.0,1240.0,1143.0
GLS_GRIN2C,852.0,329.0,1218.0,1640.0
GLS_GRIN2D,958.0,353.0,1223.0,1571.0
SLC17A7_GRIK4,1790.0,174.0,99.0,0.0
SLC17A7_GRIK5,2283.0,303.0,204.0,0.0
SLC17A7_GRIN1,2064.0,195.0,161.0,0.0
SLC17A7_GRIN2A,919.0,96.0,51.0,0.0
SLC17A7_GRIN2B,1697.0,167.0,89.0,0.0
SLC17A7_GRIN2C,916.0,87.0,51.0,0.0
SLC17A7_GRIN2D,1018.0,113.0,58.0,0.0
SLC1A1_GRIK4,2594.0,360.0,206.0,0.0
SLC1A1_GRIK5,2783.0,478.0,309.0,0.0
SLC1A1_GRIN1,2756.0,380.0,268.0,0.0
SLC1A1_GRIN2A,1964.0,285.0,159.0,0.0
SLC1A1_GRIN2B,2497.0,352.0,195.0,0.0
SLC1A1_GRIN2C,1964.0,276.0,159.0,0.0
SLC1A1_GRIN2D,2032.0,301.0,165.0,0.0
SLC1A2_GRIK4,2516.0,434.0,407.0,0.0
SLC1A2_GRIK5,2794.0,545.0,496.0,0.0
SLC1A2_GRIN1,2685.0,450.0,465.0,0.0
SLC1A2_GRIN2A,1960.0,357.0,365.0,0.0
SLC1A2_GRIN2B,2464.0,423.0,403.0,0.0
SLC1A2_GRIN2C,1955.0,349.0,365.0,0.0
SLC1A2_GRIN2D,2019.0,372.0,372.0,0.0
SLC1A3_GRIK4,2249.0,491.0,555.0,0.0
SLC1A3_GRIK5,2641.0,603.0,630.0,0.0
SLC1A3_GRIN1,2439.0,510.0,600.0,0.0
SLC1A3_GRIN2A,1479.0,413.0,516.0,0.0
SLC1A3_GRIN2B,2156.0,476.0,549.0,0.0
SLC1A3_GRIN2C,1474.0,407.0,516.0,0.0
SLC1A3_GRIN2D,1555.0,432.0,521.0,0.0
SLC1A6_GRIK4,1168.0,98.0,48.0,0.0
SLC1A6_GRIK5,1778.0,228.0,156.0,0.0
SLC1A6_GRIN1,1516.0,121.0,114.0,0.0
SLC1A6_GRIN2A,6.0,20.0,0.0,0.0
SLC1A6_GRIN2B,1049.0,91.0,38.0,0.0
SLC1A6_GRIN2C,0.0,11.0,0.0,0.0
SLC1A6_GRIN2D,139.0,37.0,7.0,0.0
SLC1A7_GRIK4,1168.0,96.0,48.0,0.0
SLC1A7_GRIK5,1778.0,226.0,156.0,0.0
SLC1A7_GRIN1,1516.0,119.0,114.0,0.0
SLC1A7_GRIN2A,6.0,18.0,0.0,0.0
SLC1A7_GRIN2B,1049.0,89.0,38.0,0.0
SLC1A7_GRIN2C,0.0,9.0,0.0,0.0
SLC1A7_GRIN2D,139.0,35.0,7.0,0.0
GLS2_GRIK4,2364.0,289.0,234.0,0.0
GLS2_GRIK5,2654.0,408.0,336.0,0.0
GLS2_GRIN1,2510.0,310.0,288.0,0.0
GLS2_GRIN2A,1690.0,215.0,188.0,0.0
GLS2_GRIN2B,2253.0,276.0,221.0,0.0
GLS2_GRIN2C,1687.0,206.0,188.0,0.0
GLS2_GRIN2D,1759.0,232.0,194.0,0.0
PTGR1_LTB4R,1880.0,585.0,2048.0,0.0
PTGR1_LTB4R2,2229.0,438.0,493.0,0.0
CYP11A1_NR1H4,0.0,19.0,0.0,0.0
DAGLA_CNR1,2341.0,507.0,894.0,0.0
DAGLA_CNR2,1973.0,352.0,1862.0,0.0
DAGLA_GPR55,2618.0,410.0,288.0,0.0
DAGLB_CNR1,1677.0,592.0,2208.0,0.0
DAGLB_CNR2,918.0,443.0,2751.0,0.0
DAGLB_GPR55,2038.0,510.0,1823.0,0.0
DHRS9_PGR,1822.0,372.0,512.0,0.0
CYP17A1_AR,388.0,53.0,10.0,0.0
HSD17B6_NR1H4,1061.0,92.0,83.0,0.0
ALDH1A1_CRABP2,2089.0,494.0,1288.0,0.0
ALDH1A1_RARA,1118.0,547.0,2526.0,0.0
ALDH1A1_RXRA,1158.0,547.0,2468.0,0.0
ALDH1A1_RARB,2352.0,571.0,1322.0,0.0
ALDH1A1_RXRB,1395.0,500.0,2292.0,0.0
ALDH1A1_RARG,1712.0,660.0,1854.0,0.0
ALDH1A1_RXRG,921.0,344.0,1157.0,0.0
ALDH1A1_RORB,921.0,343.0,1157.0,0.0
ALDH1A2_CRABP2,1683.0,206.0,202.0,0.0
ALDH1A2_RARA,435.0,266.0,1912.0,0.0
ALDH1A2_RXRA,514.0,282.0,1841.0,0.0
ALDH1A2_RARB,1979.0,285.0,226.0,0.0
ALDH1A2_RXRB,740.0,223.0,1580.0,0.0
ALDH1A2_RARG,1198.0,405.0,980.0,0.0
ALDH1A2_RXRG,146.0,45.0,2.0,0.0
ALDH1A2_RORB,146.0,45.0,2.0,0.0
ALDH1A3_CRABP2,2324.0,515.0,787.0,0.0
ALDH1A3_RARA,1579.0,572.0,2244.0,0.0
ALDH1A3_RXRA,1596.0,582.0,2186.0,0.0
ALDH1A3_RARB,2592.0,596.0,805.0,0.0
ALDH1A3_RXRB,1761.0,536.0,1954.0,0.0
ALDH1A3_RARG,2109.0,702.0,1451.0,0.0
ALDH1A3_RXRG,1379.0,370.0,650.0,0.0
ALDH1A3_RORB,1379.0,371.0,650.0,0.0
BDNF_SORT1,1615.0,368.0,392.0,0.0
BDNF_NGFR,638.0,270.0,1650.0,0.0
CYP27B1_VDR,2466.0,535.0,1103.0,0.0
CEL_RORA,1632.0,368.0,1931.0,0.0
CEL_RORC,2283.0,254.0,226.0,0.0
DHCR24_RORA,1069.0,521.0,2617.0,0.0
DHCR24_RORC,1899.0,419.0,1501.0,0.0
DHCR7_RORA,1218.0,582.0,2469.0,0.0
DHCR7_RORC,1990.0,475.0,1213.0,0.0
LIPA_RORA,958.0,412.0,2666.0,0.0
LIPA_RORC,1786.0,318.0,1563.0,0.0
UBASH3B_ESR1,2165.0,476.0,1420.0,0.0
UBASH3B_NR1I2,766.0,330.0,1353.0,0.0
UBASH3B_PPARA,1924.0,684.0,1679.0,0.0
DHCR7_NR1H2,1311.0,494.0,2330.0,0.0
DHCR7_NR1H3,1455.0,595.0,2197.0,629.0
CYP21A2_NR3C2,2158.0,438.0,501.0,0.0
SULT1A1_PPARA,2006.0,686.0,1563.0,0.0
SULT1A1_PPARD,1215.0,500.0,2480.0,0.0
SULT1A1_PPARG,1981.0,424.0,1268.0,0.0
SRD5A1_AR,1725.0,415.0,589.0,0.0
SRD5A2_AR,388.0,51.0,10.0,0.0
SRD5A3_AR,1801.0,394.0,486.0,0.0
CYP19A1_ESR1,1749.0,177.0,121.0,0.0
CYP19A1_ESR2,1039.0,86.0,78.0,0.0
CYP19A1_GPER1,1813.0,243.0,237.0,0.0
CYP19A1_NR1I2,0.0,17.0,0.0,0.0
HSD17B1_ESR1,2501.0,320.0,259.0,0.0
HSD17B1_ESR2,2085.0,232.0,217.0,0.0
HSD17B1_GPER1,2682.0,382.0,364.0,0.0
HSD17B1_NR1I2,1412.0,163.0,143.0,0.0
IGFBP3_TMEM219,0.0,0.0,0.0,593.0
LGALS9_CD22,0.0,0.0,0.0,452.0
LGALS9_BCR,1138.0,625.0,2475.0,603.0
LGALS9_P4HB,0.0,0.0,0.0,605.0
AMH_BMPR1B,94.0,35.0,24.0,0.0
NTS_SORT1,2585.0,613.0,1076.0,0.0
NRG1_ITGA6,2113.0,476.0,1952.0,0.0
NRG1_ITGB4,2443.0,583.0,1066.0,0.0
NTF3_NGFR,1689.0,355.0,1684.0,0.0
NTF4_NGFR,638.0,269.0,1650.0,0.0
PPIA_BSG,0.0,0.0,0.0,576.0
FDX1_NR1I2,291.0,238.0,1949.0,0.0
FDX2_NR1I2,1020.0,358.0,997.0,0.0
CYP11A1_NR1I2,0.0,21.0,0.0,0.0
FDXR_NR1I2,1246.0,418.0,684.0,0.0
AKR1C3_PTGDR2,1813.0,286.0,274.0,0.0
RAET1E_HCST,876.0,468.0,1178.0,1516.0
ULBP1_HCST,876.0,468.0,1178.0,1514.0
ULBP2_HCST,931.0,496.0,1183.0,1476.0
ULBP3_HCST,1192.0,507.0,1186.0,1350.0
RBP4_STRA6,1552.0,359.0,653.0,0.0
DDC_HTR1D,0.0,6.0,0.0,0.0
DDC_HTR1F,0.0,13.0,0.0,0.0
DDC_HTR2A,0.0,8.0,0.0,0.0
DDC_HTR2B,882.0,79.0,90.0,0.0
DDC_HTR3A,1706.0,367.0,397.0,0.0
DDC_HTR3B,0.0,6.0,0.0,0.0
DDC_HTR3C,0.0,6.0,0.0,0.0
DDC_HTR3E,0.0,7.0,0.0,0.0
DDC_HTR4,0.0,7.0,0.0,0.0
DDC_HTR6,1446.0,153.0,167.0,0.0
DDC_HTR7,417.0,57.0,20.0,0.0
SLIT1_ROBO1,1471.0,320.0,1881.0,0.0
SLIT2_ROBO1,2189.0,486.0,1924.0,0.0
SLIT2_ROBO2,2864.0,451.0,343.0,0.0
AKR1D1_AR,388.0,51.0,10.0,0.0
HSD17B12_AR,692.0,249.0,1908.0,0.0
HSD17B3_AR,449.0,78.0,13.0,0.0
GPHA2_TSHR,1520.0,153.0,98.0,0.0
DIO3_THRA,1463.0,384.0,1117.0,0.0
TG_THRA,1876.0,419.0,1134.0,0.0
DIO3_THRB,1919.0,204.0,199.0,0.0
TG_THRB,2239.0,239.0,213.0,0.0
TULP1_TYRO3,1611.0,180.0,168.0,0.0
TULP2_TYRO3,1611.0,196.0,168.0,0.0
TULP1_AXL,1495.0,361.0,588.0,0.0
TULP1_MERTK,1050.0,384.0,919.0,0.0
TUB_MERTK,1184.0,421.0,928.0,0.0
PROS1_MERTK,1850.0,686.0,1688.0,0.0
PLAU_PLAUR,762.0,419.0,2841.0,0.0
