"path","bytes","modified","sha256"
"result/DLPFC_down_02/stlearn/result_without_mixture.h5ad","123510343","2026-05-28 05:52:18 +08:00","9242b477e2e9a8f7c5d55ef4ab5702d02a6eb499b64e606c58a7e381f5157891"
"result/DLPFC_down_02/stlearn/result.h5ad","123483423","2026-05-27 11:04:12 +08:00","3cdd9eb969b4913ab395db9294af983fe2f48245b910390df97a3b4d732a27f8"
"result/DLPFC_down_04/stlearn/result_without_mixture.h5ad","113707753","2026-05-28 06:41:36 +08:00","3a64ff656467e77731e4a71fa6cb374f3052b7af7c842b33a9db05099d60676d"
"result/DLPFC_down_04/stlearn/result.h5ad","113710745","2026-05-27 11:52:42 +08:00","aed95576ff4bebb2f4ba3e278ac70c19a2c3a1707a804c630d44b2dbae8378a4"
"result/DLPFC_down_06/stlearn/result_without_mixture.h5ad","104777016","2026-05-28 07:25:20 +08:00","3b1a9eca32922ff163cabac933854f4da1fcc4aad72a3039d75b94453fbcd7ac"
"result/DLPFC_down_06/stlearn/result.h5ad","104737816","2026-05-27 12:36:04 +08:00","6e252c956d2e9fb4b85c3a2ec4987dac9bac2709b1ebe9ee442217eb61a901b5"
"result/DLPFC_down_08/stlearn/result_without_mixture.h5ad","97006529","2026-05-28 08:04:54 +08:00","8e9a0bf7ad46b4830aa958aa046a402095f6bb8241d302a1aad6009c035f3f16"
"result/DLPFC_down_08/stlearn/result.h5ad","96988121","2026-05-27 13:14:38 +08:00","4689f8696774c494a544931026a9711ce235c34cb6930a9c34c8ba0b1eadf58d"
"result/DLPFC_equal/stlearn/result_without_mixture.h5ad","111306333","2026-05-28 10:44:36 +08:00","c82f338e3ce45415a48d1a64478082db36376f4640e975a705a3363e4fe13a61"
"result/DLPFC_equal/stlearn/result.h5ad","111343405","2026-05-27 15:49:50 +08:00","979216c1921eff1e7fced7e1718fd228bb7278a71c26acd38a6d3895a877729b"
"result/DLPFC_REVERS/stlearn/result_without_mixture.h5ad","111357373","2026-05-28 09:50:24 +08:00","88b9685e4254090b1b86c039f1fab0a87cecba18f4dede3b8320ff0c2edf1049"
"result/DLPFC_REVERS/stlearn/result.h5ad","111357557","2026-05-27 14:58:06 +08:00","77488899b9bf32e37871dce9ff0f513cb63b5710e44597b780d2cf55c08403e3"
"result/DLPFC/stlearn/result_without_mixture.h5ad","111328381","2026-05-28 08:57:24 +08:00","603902bef334f67f2f7feac4fb19139d7c11164dc006574692cc1f000776d4a9"
"result/DLPFC/stlearn/result.h5ad","111322109","2026-05-27 14:06:30 +08:00","456a9838318a1d491bcf878765fc32e5712661c97644cf1abb14a4d4578d30f9"
